App Name,Package Name,App MD5,Size,Category,App Market
山姆会员商店,cn.samsclub.app,2a4048154c80ab45be63e4632dc3ed65,62.2M,shopping payment,Tencent
唯品会,com.achievo.vipshop,7feff28a8a0122bae39c2ddd389d1a18,102.5M,shopping payment,Tencent
中油优途,com.asput.youtushop,8da6b6c3948a16562b73b5faa3e7ff51,155.0M,shopping payment,Tencent
全球购骑士特权,com.black.unique,f96626074e4ef474ee59b8d9aedea40e,68.8M,shopping payment,Tencent
当当,com.dangdang.buy2,3ccf40e2e4893ef44c87e45bcf8f9a3b,131.4M,shopping payment,Tencent
分期乐,com.fenqile.fenqile,500d0e32c17e29806e8111c9c8f82c77,94.3M,shopping payment,Tencent
海尔智家,com.haier.uhome.uplus,6df3f3e262c3853e463fed1eaf185c6c,186.0M,shopping payment,Tencent
灰兔赚钱,com.htzq.bf,32681ac12d3ca94bd67b5a27677cf283,71.1M,shopping payment,Tencent
识货,com.hupu.shihuo,aa2955c50699dbc94746a72e581372ca,109.0M,shopping payment,Tencent
京东,com.jingdong.app.mall,146cd9938dc76f986ecbac39f45ed7d0,97.2M,shopping payment,Tencent
交易猫,com.jym.mall,48660b4000e07f77f30f93dbf6966274,40.4M,shopping payment,Tencent
微店,com.koudai.weidian.buyer,3df7a636f7caf16b133ad7b968e09d89,102.3M,shopping payment,Tencent
Meituan,com.sankuai.meituan,260cc9b6b2d40beb42f79240081441b4,84.4M,shopping payment,Tencent
得物,com.shizhuang.duapp,d91ffff6b98ff738cdd55f1cc6a0e506,76.4M,shopping payment,Tencent
苏宁易购,com.suning.mobile.ebuy,2d0568e8611bc7fb8dbefd4f6c729c37,146.2M,shopping payment,Tencent
淘特,com.taobao.litetao,dfaee04fe49278ffa67e2d3af3fc4ec1,63.9M,shopping payment,Tencent
点淘,com.taobao.live,9c7d862cd2cb2a6d6c0450c5252696d3,168.7M,shopping payment,Tencent
淘宝,com.taobao.taobao,0387ae127bb8496bf5ee1b73a9432337,118.4M,shopping payment,Tencent
手机天猫,com.tmall.wireless,b42052e0c8f04e916beed51ebd199b86,229.7M,shopping payment,Tencent
多点,com.wm.dmall,7284a7c866a0ac6ff84d995eda18675c,101.8M,shopping payment,Tencent
YY,com.duowan.mobile,81bb44a48735c2890763413f0031dc52,107.1M,video,Tencent
疯播直播,com.fengbo.live,b2ab9cdad2e69bcae064caf2e244b0e9,73.5M,video,Tencent
芒果TV,com.hunantv.imgo.activity,83ecf7b41a93a0e39f509c35f0069bd9,97.8M,video,Tencent
快领红包短视频,com.kling.hbao,654770888e02dc336ca941ce4f8d6438,36.4M,video,Tencent
快手极速版,com.kuaishou.nebula,b0fd465827f6f9cb2b0b729a939655c2,52.1M,video,Tencent
KwaiFluent,com.kwai.thanos,a3b1347efb353ec588fe6ac7e7d5e2a2,93.9M,video,Tencent
影视大全,com.le123.ysdq,e88032e2a31b139e2d8e1ca138bb6b16,65.4M,video,Tencent
爱奇艺极速版,com.qiyi.video.lite,eb105b25f8ce664e1555e357e0901aa1,36.1M,video,Tencent
爱奇艺,com.qiyi.video,e59065964f109f4335dfa13567f1c5fb,101.4M,video,Tencent
Kuaishou,com.smile.gifmaker,00c0d023113722003147f87e6cc59037,94.5M,video,Tencent
搜狐视频,com.sohu.sohuvideo,c15cbf856c55c05d2f59b0f679276193,120.8M,video,Tencent
西瓜视频,com.ss.android.article.video,6ac9e539e86cbe95c670bd8390ea2d67,51.0M,video,Tencent
抖音极速版,com.ss.android.ugc.aweme.lite,5ba3c2dfc56af2fb62673016b8eae98a,98.8M,video,Tencent
抖音,com.ss.android.ugc.aweme,f11bf91ad94d0a54132fdd44c78b4c6b,184.7M,video,Tencent
腾讯视频,com.tencent.qqlive,92c7d315df6685b62c66bba0c3d3d42a,118.4M,video,Tencent
微视,com.tencent.weishi,b69efaf65b8c39b24698bca4a699c246,68.4M,video,Tencent
优酷视频,com.youku.phone,08fe71e244660dece65477c4d92cc7bc,72.8M,video,Tencent
手机电视,dopool.player,672b2060f8a4f525af7db72d93d0d937,54.1M,video,Tencent
哔哩哔哩,tv.danmaku.bili,6b37fffc3979368800fc67a148e96abc,104.1M,video,Tencent
万能播放器,yong.yunzhichuplayer,b479104918397c9d7e6e9c8ecc55a3f4,37.7M,video,Tencent
FitPro,cn.xiaofengkj.fitpro,d3c7b224940f9d492b986ae9b3599f1c,39.8M,sports and fitness,Tencent
Joyrun,co.runner.app,ae05452c63c5b6e1f95e6abfef02ade3,103.8M,sports and fitness,Tencent
友邦友享,com.aia.china.YoubangHealth,d16daa10b4f22f3df9d4aa5481ec1b79,135.3M,sports and fitness,Tencent
糖豆,com.bokecc.dance,7699a06a62e2a04808471ecf835cda3c,68.7M,sports and fitness,Tencent
薄荷健康,com.boohee.one,3661bdb65621e1c750d6df204ab6116a,53.0M,sports and fitness,Tencent
国寿AI健康,com.borui.gsjk,46f71850cc6f95f0c8d09f5a3d4c6ffa,116.2M,sports and fitness,Tencent
OKOK,com.chipsea.btcontrol,55cdd04b494a6371cb75f51d210f2b00,114.3M,sports and fitness,Tencent
每日瑜伽,com.dailyyoga.cn,48552c5965d4069c22bf8584e85f8af2,68.8M,sports and fitness,Tencent
天天跳绳,com.gkid.crazyrope,9c3ddb8f9f559d0b25956b60522034ce,256.6M,sports and fitness,Tencent
Keep,com.gotokeep.keep,a792e511e8a53fdf58ac16199e13251c,142.0M,sports and fitness,Tencent
Fit-here,com.huaxin.app.FitHere,ea8bbcd3a1a8704be6c37f100ce21c3d,16.1M,sports and fitness,Tencent
两步路户外助手,com.lolaage.tbulu.tools,9f4661a57bffab66aa8aa955f8598d92,48.9M,sports and fitness,Tencent
步道乐跑,com.lptiyu.tanke,ffe37fedcdad5953f0b4509d9a895737,89.7M,sports and fitness,Tencent
PICOOC,com.picooc,c53a3c4a8b254dc60aa5c235586bbd00,91.3M,sports and fitness,Tencent
步多多,com.qsmy.walkmonkey,8103baeb54a5677fafef67d4e387521a,49.1M,sports and fitness,Tencent
RDFit,com.rd.tengfei.bdnotification,1a7245b793059f5b54a15f5ee6e738fb,67.0M,sports and fitness,Tencent
HryFine,com.whs.ylsh,0096536dd7039ad50489c03e8ac735d1,45.5M,sports and fitness,Tencent
Sunri,com.xlkj.international.sunri,4e1c50ffd7ab291722cd98c853248ee1,73.1M,sports and fitness,Tencent
悦动圈,com.yuedong.sport,bd08f0a5c87e5ec79ed3b9f9f58e2b50,303.1M,sports and fitness,Tencent
运动世界校园,com.zjwh.android_wh_physicalfitness,3e6f6bb262667c4389b7f7ff72bb350e,171.6M,sports and fitness,Tencent
学习强国,cn.xuexi.android,a143c0c8609e7b37b18e8a6d066f3ddc,200.2M,reading,Tencent
哔哩哔哩漫画,com.bilibili.comic,79076720279e8ff5cc09e8efd20c47cc,72.0M,reading,Tencent
番茄免费小说,com.dragon.read,f3c6d3b63a130b52d0e019e02279032c,49.7M,reading,Tencent
多看阅读,com.duokan.reader,d5be659975ff57cc3bb3413a0f039fdd,48.1M,reading,Tencent
免费听书王,com.gw.listen.free,5d1bc48ef0aa0aa3506ece2660bbda3d,34.8M,reading,Tencent
番薯免费小说,com.hk.reader,4532d550c954589068c0de0cdbcb80b4,30.4M,reading,Tencent
趣头条,com.jifen.qukan,b18897fa80eb183f99120b20de4d4ec3,49.1M,reading,Tencent
七猫免费小说,com.kmxs.reader,9b233be35bf1744a4a27c4f464231898,43.7M,reading,Tencent
NetEase News,com.netease.newsreader.activity,f12961dc13b3c1af48bd142d9255d42d,55.0M,reading,Tencent
新浪新闻,com.sina.news,5482ede7d4870f5e7570adcab45407e8,90.7M,reading,Tencent
快点阅读,com.skyplatanus.crucio,b2dcabf4b474b190177dd58b709cbe86,39.7M,reading,Tencent
搜狐新闻,com.sohu.newsclient,c55ceffd755e6ef2011682dd206d0830,51.3M,reading,Tencent
东方头条,com.songheng.eastnews,df7cfe964d8845ad70915e500a630bda,28.2M,reading,Tencent
今日头条极速版,com.ss.android.article.lite,0c412d49b6d1e53654644302dd2c4c5c,39.6M,reading,Tencent
Toutiao,com.ss.android.article.news,34bda259d75fac776f4a094bdd3da9ff,61.3M,reading,Tencent
腾讯新闻,com.tencent.news,0d9b5453627916e0a3b3954e2f300575,52.3M,reading,Tencent
Ximalaya,com.ximalaya.ting.android,c53032b1d178592141f28d37eef0206e,124.3M,reading,Tencent
熊猫脑洞小说,com.xm.freader,a425c82f3d73d89c608da51790a44640,43.7M,reading,Tencent
番茄畅听,com.xs.fm,ca2e610f7682a8dfa13d8e005c926c2b,46.4M,reading,Tencent
知乎,com.zhihu.android,6724f6cbaa4cf823cb1d0de7401e85cc,69.4M,reading,Tencent
应用隐藏计算器,app.icon.gone,d1b228cdcb280c10e0e1b08121efd783,76.0M,system tools,Tencent
百度手机卫士,cn.opda.a.phonoalbumshoushou,dec6046a624ba1f95df8b5d292a2b2f9,27.3M,system tools,Tencent
艾果网络海归加速器软件,com.aiguo.acgdareturnliapp,94cf41d5df336048b177e506bb7f135c,15.6M,system tools,Tencent
阿里云盘,com.alicloud.databox,9cb1c41fb4a4e492e937ed5ff849cb5b,117.5M,system tools,Tencent
爱加速,com.fvcorp.android.aijiasuclient,8e4a0cb7b93944edb12ff5fe84b84dd8,9.9M,system tools,Tencent
Lock Screen,com.iodkols.onekeylockscreen,65ec22c4b2b473ca611400e809b8697f,6.8M,system tools,Tencent
抠图换背景,com.jk.cutout.application,75ac142041d0f0f11418ee4c0cdf4958,203.5M,system tools,Tencent
Edge,com.microsoft.emmx,ae006c4d48b0b9f1bebfc3e97a48c084,85.8M,system tools,Tencent
Easy Softkey,com.oeiskd.easysoftkey,68b9f681d25b829c2daf8855a960fc1b,18.8M,system tools,Tencent
一个木函,com.One.WoodenLetter,6cbbcec5d85a3ad29030e22d27283c0e,13.6M,system tools,Tencent
Sunlogin Remote Control,com.oray.sunlogin,4486dd29aefac708db1c1b1d1c4da206,119.4M,system tools,Tencent
红手指云手机,com.redfinger.app,cabe61d8bae9dd2d53680d5266483eb8,62.3M,system tools,Tencent
RHX Plus,com.rhxled.led_cp,5ebbf78199b981abd7bdf17a572462d4,67.9M,system tools,Tencent
WiFi万能钥匙极速版,com.snda.lantern.wifilocating,448291fa92dc4b553779cdecedf1c5dc,29.4M,system tools,Tencent
TP-LINK,com.tplink.cloudrouter,871cf4013280c18f69d61f44dabdfd56,14.5M,system tools,Tencent
测网速,com.uusense.speed,05081352a9fdce7e0a497270fa382e2c,30.7M,system tools,Tencent
互传换机助手,com.xiaowu.switcher,e2057b01a08e8a3df0281a3736269af8,13.5M,system tools,Tencent
迅雷,com.xunlei.downloadprovider,92aa8282fe18919b43fb1e1c0a119fdb,85.9M,system tools,Tencent
应用分身,com.xunrui.duokai_box,37c648e01c93779f5d892edd4944a1d9,31.5M,system tools,Tencent
ZArchiver解压缩工具,ru.zdevs.zarchiver,7dcde20e45f3f05fbabfa72c2ca1efaa,24.0M,system tools,Tencent
Alook,alook.browser,65889524a23005ec86f103cd85eb6204,52.2M,browser,Tencent
Chrome,com.android.chrome,a7b478fa72957e7bbe02d0b71189003e,45.8M,browser,Tencent
百度浏览器,com.baidu.browser.apps,1a499e84fb64266ce863add89ec744ad,48.7M,browser,Tencent
百度极速版,com.baidu.searchbox.lite,8b3854225b055c0ed193cff171b4b193,43.1M,browser,Tencent
百度大字版,com.baidu.searchbox.tomas,4a5cf2247bbef90a414a014ae6806167,57.9M,browser,Tencent
百度,com.baidu.searchbox,dee966b80b8e4c6de353e01c566bc952,143.7M,browser,Tencent
蜜柚浏览器,com.melon.browser,b507626e15ac81707754762b7ec28c94,12.7M,browser,Tencent
Edge,com.microsoft.emmx,ae006c4d48b0b9f1bebfc3e97a48c084,85.8M,browser,Tencent
土豆浏览器,com.muniu.potatobrowser,094a126c29612f6681615b039b6cb975,37.5M,browser,Tencent
360极速浏览器,com.qihoo.contents,2c557c1171821ed153b10813542fb1f1,53.5M,browser,Tencent
夸克,com.quark.browser,43893db48afdd78f75d9bfeba711ea7a,88.2M,browser,Tencent
QQ浏览器,com.tencent.mtt,912d4a9bc50ffdca2526d3f720dcea95,112.0M,browser,Tencent
UC浏览器极速版,com.ucmobile.lite,fced41f2700e4a2232a486d39298bc80,27.8M,browser,Tencent
UC浏览器,com.UCMobile,dd651ee8949aff16de83a87f4b874da9,90.5M,browser,Tencent
Ume Browser,com.ume.browser.hs,644be84fcebcd9d7451ad3cb4a48dfde,42.3M,browser,Tencent
Ume Browser,com.ume.browser,63a3194448d2f1474458b9e5c0e0e01a,32.0M,browser,Tencent
一点新闻资讯,com.yidian.xiaomi,4c631f855f03ba675d8ef7597754870d,50.1M,browser,Tencent
Via,mark.via,d022ca1a329a6946bfbe23f9d1da7762,1.7M,browser,Tencent
Firefox,org.mozilla.firefox,d2a6e5b42d481c1dc1bd9958f1eff963,80.7M,browser,Tencent
搜狗浏览器极速版,sogou.mobile.explorer,5815f94aec0c88731b376934af6555a0,92.9M,browser,Tencent
阿里巴巴,com.alibaba.wireless,cda5095e9639b9e6a3484a94b1e0ce20,111.1M,shopping payment,Huawei
藏宝阁,com.netease.cbg,557cc5a37eb00f703785c8e80502e7c3,97.3M,shopping payment,Huawei
当当,com.dangdang.buy2,5565d9d6c216d3ff5a61688f39354796,131.4M,shopping payment,Huawei
得物,com.shizhuang.duapp,ddd0467c6de10ede7dc57d7674f6e6ca,76.4M,shopping payment,Huawei
点淘,com.taobao.live,ea52e1847293034da2410c7facfffc91,116.2M,shopping payment,Huawei
i茅台,com.moutai.mall,c40671edd245983da7c9e24410bc6b0b,45.6M,shopping payment,Huawei
京东,com.jingdong.app.mall,6f1fb12601a471f11f441517481525cc,97.2M,shopping payment,Huawei
京喜特价,com.jd.jdlite,fc403821699952be4618ba6057c1e5a5,20.7M,shopping payment,Huawei
美团买菜,com.meituan.retail.v.android,1bd70b8ed301d0682c3028e786a4f356,26.9M,shopping payment,Huawei
识货,com.hupu.shihuo,fce9fd31d1e4f26835eaa78abacf74cf,109.0M,shopping payment,Huawei
顺丰速运,com.sf.activity,13912bc2dac3d965a2e65c6b2eea406b,153.0M,shopping payment,Huawei
什么值得买,com.smzdm.client.android,6df57427aaebafba277a2416f2343dda,64.4M,shopping payment,Huawei
苏宁易购,com.suning.mobile.ebuy,cbd5340a3adc1011dd9f4bf05591608d,146.2M,shopping payment,Huawei
淘宝,com.taobao.taobao,c7f7c9b0a95f07886478976daa4390c3,85.0M,shopping payment,Huawei
微店,com.koudai.weidian.buyer,fb461cd30209e0681c4412f529b7dfd9,102.3M,shopping payment,Huawei
唯品会,com.achievo.vipshop,d04d66d6591fbe531a7d2b429d1f982f,102.5M,shopping payment,Huawei
闲鱼,com.taobao.idlefish,7492c0c5d031429124b5e168225e64d8,116.2M,shopping payment,Huawei
易捷加油,cn.com.hkgt.gasapp,5b7e8e9a2729eca7b118733e694e554f,143.0M,shopping payment,Huawei
转转,com.wuba.zhuanzhuan,3b702387181a0e7f0884a93eb5cfb49f,90.9M,shopping payment,Huawei
掌上道聚城,com.tencent.djcity,f6b6ac82893dc299b2fcfcd636e26ef3,161.1M,shopping payment,Huawei
好看视频,com.baidu.haokan,5159156ca62fea73f231b7b18a8ebdbe,39.4M,video,Huawei
好看视频极速版,com.baidu.hkvideo,4bf5665959f1843c02d9e7ae33ed2082,38.6M,video,Huawei
央视频,com.cctv.yangshipin.app.androidp,9149290590036175ccd8f4406f419aa0,77.3M,video,Huawei
Migu Video,com.cmcc.cmvideo,da7fb3977e1c094306e74acf64b8d3e4,109.2M,video,Huawei
人人视频,com.example.pptv,0cd0ecea5bbc980082ef01cb42e07520,109.2M,video,Huawei
快手极速版,com.kuaishou.nebula,3584afda0ded191023949a097804acb5,52.1M,video,Huawei
快手直播伴侣,com.kwai.livepartner,46ca84b5f0f34e0b6ce76ffaefab53d7,92.8M,video,Huawei
爱奇艺,com.qiyi.video,29f8b5d7d8ca13c5939d62be669dbb1d,101.4M,video,Huawei
爱奇艺极速版,com.qiyi.video.lite,9a66ab90fcc9f07a708a3c7a2bd713f0,36.1M,video,Huawei
西瓜视频,com.ss.android.article.video,c3109bfdc5303f2f912c67e592431c2d,51.0M,video,Huawei
抖音,com.ss.android.ugc.aweme,0f5a8f1d1681461080f3c8b7f46db505,187.2M,video,Huawei
抖音极速版,com.ss.android.ugc.aweme.lite,e75226f2eeb762ceb66baa1985fb910a,98.8M,video,Huawei
皮皮虾,com.sup.android.superb,764248696c479b89c04c4fe466a418d0,49.4M,video,Huawei
妙看,com.taige.miaokan,0bfb2f190003b17874ef6bea6027e1f0,50.3M,video,Huawei
妙看极速版,com.taige.mygold,786b04cbc89f14d112849f232511cea7,49.8M,video,Huawei
腾讯视频,com.tencent.qqlive,384b60299d856fc76dbf0b018b3b1681,118.4M,video,Huawei
好看影视大全,com.video.lizhi,764a6241f784fd14cb35b2d8583f3899,79.5M,video,Huawei
韩剧TV,com.xyhj.hanju,ceefb2c7bd1a05f41ad079b18f614f10,45.2M,video,Huawei
优酷视频,com.youku.phone,44d30d77c68a8019c388fc01c71310ce,72.8M,video,Huawei
哔哩哔哩,tv.danmaku.bili,f7c65e5d276414d833c529bcefe69707,104.1M,video,Huawei
用药助手,cn.dxy.medicinehelper,5671017852dd9e75de3ab822b87622a2,63.8M,sports and fitness,Huawei
OKOK,com.chipsea.btcontrol,55cdd04b494a6371cb75f51d210f2b00,114.3M,sports and fitness,Huawei
步步高手,com.conde.compl,85ea4773241caffb69981654db8c6d14,38.9M,sports and fitness,Huawei
悦步走路,com.declareandroid.server.ctsabstain,9add219d66b22b604324ba95639feb3c,39.1M,sports and fitness,Huawei
天天跳绳,com.gkid.crazyrope,15421f83ff368787e20cdd0b0fa6dbd5,256.6M,sports and fitness,Huawei
Keep,com.gotokeep.keep,af4e68602f5d1764c2f2bf423ee90289,142.0M,sports and fitness,Huawei
好大夫在线,com.haodf.android,50d56ff374626cc73228a142f536df03,88.9M,sports and fitness,Huawei
Huawei Health,com.huawei.health,7e067a850128a8a55c5c438ca214418d,117.1M,sports and fitness,Huawei
方舟健客网上药店,com.jiankecom.jiankemall,729a9f9e9df20d2a4f21005a4db9af4f,86.0M,sports and fitness,Huawei
PICOOC,com.picooc,b4e0c1f98b7e5fb8262895d82671635c,122.3M,sports and fitness,Huawei
瘦吧减脂,com.shoubakeji.shouba,f6d4d1204d510ae7025c03242e7037fc,135.2M,sports and fitness,Huawei
山东医师服务,com.sinldo.doctorassess,93a6e852dad2ea62d3a4b777b76dd55b,76.3M,sports and fitness,Huawei
安全守护2,com.tgelec.aqsh,5d1d1942368ea5d996da01f4e764d52b,152.1M,sports and fitness,Huawei
小豆苗,com.threegene.yeemiao,9410277ddf1c896134685e21641b26cf,42.7M,sports and fitness,Huawei
Wearfit Pro,com.wakeup.howear,be4515ff41c720ed7e63154166b18b74,106.0M,sports and fitness,Huawei
Zepp Life,com.xiaomi.hm.health,3e28c5c78690789a96810c6804a46bd9,172.4M,sports and fitness,Huawei
好轻,com.yunmai.scale,15bb91cb332ea6aa01e11c28c094ec43,62.9M,sports and fitness,Huawei
粤苗,plus.H5A84F959,d660b896fbf6a22cada982605ed44c7e,50.4M,sports and fitness,Huawei
药师帮,ysbang.cn,04448719c4f1c83a94e4bcc560b78077,143.0M,sports and fitness,Huawei
国家医保服务平台,cn.hsa.app,e61873af9984e8119b9f80a8c00832a2,161.1M,sports and fitness,Huawei
橙光小说阅读器,com.avgorange.mailiang,cb20663335cd39e0945f608a22f2423e,126.2M,reading,Huawei
得间小说,com.chaozh.iReader.dj,2358e467cecc6a0a7ebaacbee5e7dce6,49.6M,reading,Huawei
得间小说极速版,com.chaozh.iReader.dj.speed,2e274f001ca5c594eced26a220595dca,47.8M,reading,Huawei
点点穿书,com.cyclotron.in,94ece2d82038fa2b113694261452965c,52.9M,reading,Huawei
七读,com.dj.sevenRead,b69abaad809d0cda26824b5bae7a930e,49.0M,reading,Huawei
番茄免费小说,com.dragon.read,c94a50efa62fd0c78706ceba5e489805,49.7M,reading,Huawei
晋江小说阅读,com.jjwxc.reader,515bf98eb424a20176b228b0ad07076d,59.2M,reading,Huawei
七猫免费小说,com.kmxs.reader,f043b3496cb74211d41aef16d65d44c4,43.7M,reading,Huawei
淘小说,com.martian.ttbook,c6e283976fcd7a8ccb6e4f4b9d492dbb,24.9M,reading,Huawei
免费淘小说,com.martian.ttbookhd,215460b56e11cd2a3a35193507d119f3,26.3M,reading,Huawei
喵爪小说,com.miaozhua.adreader,b69d999b77eb2c1b048b0b1e87b2e1db,56.2M,reading,Huawei
起点读书,com.qidian.QDReader,710e4a6dcc672a87acfa4214198c7210,57.2M,reading,Huawei
QQ阅读,com.qq.reader,33cc84f1f813dc2c2b98d468caffdbeb,63.5M,reading,Huawei
书旗小说,com.shuqi.controller,928372c17b861d6c5dbd8e896e7e724a,35.9M,reading,Huawei
微信读书,com.tencent.weread,f0742921fe80a3026e8160ff0452da02,115.4M,reading,Huawei
?追书神器极速版?,com.ushaqi.zhuishushenqi.adfree,54b40dd04b24d43238d212e4a765385b,56.3M,reading,Huawei
?追书神器?,com.ushaqi.zhuishushenqi,d4e0fe0d61588fbe401b194668fa2977,58.1M,reading,Huawei
潇湘书院,com.xx.reader,08a22e500b628c2d9e88c23859b1baf6,43.8M,reading,Huawei
阅友免费小说,com.yueyou.adreader,701a8e68666e69cb428e0eaa155ddf28,53.0M,reading,Huawei
月鼠小说,com.yueyou.fast,27aaf147163cb5ed527b58efb3dd2d5f,56.5M,reading,Huawei
个人所得税,cn.gov.tax.its,b8ae5f1bbc9ec3cff90cd18900d61e0d,50.4M,system tools,Huawei
天晴助手,com.atone.carnag,d697e40055860f195c9340fce58d55a7,53.9M,system tools,Huawei
百度网盘,com.baidu.netdisk,341fe3c14e530332841672511162b859,183.7M,system tools,Huawei
百度极速版,com.baidu.searchbox.lite,27934461942061f1f60412d533268913,43.1M,system tools,Huawei
轻松充电,com.beckon.annua,6e34a1f4bdf10269bd5866558b814bc0,49.5M,system tools,Huawei
菜鸟,com.cainiao.wireless,c61de337846bd0265cf30845b5df6f68,57.1M,system tools,Huawei
非凡测速管家,com.curiou.someth,920468d0b679f3fbf06e38d1c9fae7f5,35.5M,system tools,Huawei
乐享流量,com.embed.bellico,5eda5e0ee1ccae7c9de1860321000004,35.3M,system tools,Huawei
微分身版,com.excean.masaid,db5f883f6d7181d59361ac988764c761,16.1M,system tools,Huawei
万能空调遥控器,com.hyktwnykq.cc,7fa1970412bb3548d723cb912f0f2fa5,11.0M,system tools,Huawei
快对,com.kuaiduizuoye.scan,e9b7e835d2501babc64628450492b6eb,60.5M,system tools,Huawei
biubiu加速器,com.njh.biubiu,715ed7bceff6d4c768faa686d3eecbe8,56.7M,system tools,Huawei
Petal Lite Games,com.petal.litegames,28c78cfff4986725554cc655300cf070,75.7M,system tools,Huawei
中国联通,com.sinovatech.unicom.ui,3a0d9bf5eeff790f28fff76f3bbcf4a2,90.1M,system tools,Huawei
超风网络优化大师,com.superandroid.ctsuperwind,575001d83e1cb915b6cec460e2802a91,34.4M,system tools,Huawei
换机助手,com.tencent.transfer,b4a23f1d9be311c88c765be8a2fe8622,15.3M,system tools,Huawei
EasyShare,com.vivo.easyshare,610207104c253a5e750d8438632b6351,29.7M,system tools,Huawei
迅雷,com.xunlei.downloadprovider,401b32d7d0619a6c0bb260bd09e9cd9f,105.9M,system tools,Huawei
画世界Pro,net.huanci.hsjpro,d052a194a4d7eebcbd2854fdc3d3a2c5,27.0M,system tools,Huawei
叮当网络加速大师,op.dingtalkandroid.ctseating.mobile,392d344cdf7e569d0e76bd39a7c613c9,37.3M,system tools,Huawei
百度,com.baidu.searchbox,db1acb41a278391015cca95db5a7c75a,144.6M,browser,Huawei
WukongBrowser,com.cat.readall,97f9dd819900a07016710b47f24f30fe,67.8M,browser,Huawei
久久浏览器,com.forever.browser,da521981026dc23d0b6f2a6b84091062,17.4M,browser,Huawei
高速浏览器,com.jx.fastbrowser,7714f9cf65208f1539ad0f54e957ae71,19.7M,browser,Huawei
极速浏览器,com.jx.minibrowser,0ee9ea8d631ce8d66863e0163be4180f,19.1M,browser,Huawei
私密浏览器,com.jx.privatebrowser,67191b3e231ac2f52db51c6ef9f89ee7,14.5M,browser,Huawei
e浏览器,com.ledu.ebrowser,5e7cdb5647578d6b381625896a466b22,18.8M,browser,Huawei
LeganBrowser,com.legan.browser,291bbcedd4aeeb0b55759e11c16ac1e6,64.1M,browser,Huawei
XBrowser,com.mmbox.xbrowser.pro,d1bb20ca419d0dec62639f5cd0e84c7b,1.1M,browser,Huawei
浏览器plus,com.moying.browserplus,c91eb8806010fbaced87c63fcb6f8a48,19.4M,browser,Huawei
免费漫画阅站,com.nw.cleansite.novel,7a6e36ed70ab04162c0d3ea0a4b56cb4,37.1M,browser,Huawei
欧朋浏览器,com.oupeng.mini.android,2726b97427f9f24a3f9b5943eb38c2eb,32.1M,browser,Huawei
夸克,com.quark.browser,7920001aeac5e0a69e46b562b7b08812,88.2M,browser,Huawei
宙斯浏览器,com.tc.browser,2751b675867af248e8fec124b76a4332,19.9M,browser,Huawei
久久浏览器极速版,com.uc.antsplayer,285fe8e42b997cc6df4ca707d7d9826e,8.6M,browser,Huawei
UC浏览器,com.UCMobile,89021e3bb551f1352326b9fe1d1bd05e,91.0M,browser,Huawei
UC大字版,com.ucmobile.elder,c222f222fce74deef24642dedff37a4a,57.0M,browser,Huawei
UC浏览器极速版,com.ucmobile.lite,9cd515d49c3afa0f1af2381b64e6e81a,27.8M,browser,Huawei
万能浏览器,com.webbrowser.wnllq,440ab6edbe25cf6ccebd5a6076b5994f,41.6M,browser,Huawei
私人加密浏览器,com.yczj.mybrowser,e87a9e6ea2e6d4cbc848aa45c784f8e7,20.6M,browser,Huawei
阿里巴巴,com.alibaba.wireless,cda5095e9639b9e6a3484a94b1e0ce20,111.1M,shopping payment,Baidu
当当,com.dangdang.buy2,5565d9d6c216d3ff5a61688f39354796,131.4M,shopping payment,Baidu
微多开分身,com.excean.multiaid,be4ea3cdc068e6ef612ed9abeaf2ac4f,15.7M,shopping payment,Baidu
返利,com.fanli.android.apps,b4ac08352cc0d833525cff0f9204f5db,83.4M,shopping payment,Baidu
赶集直招,com.ganji.android,33407d740bd2a04a12d1f9dedcb284ee,80.8M,shopping payment,Baidu
识货,com.hupu.shihuo,fce9fd31d1e4f26835eaa78abacf74cf,109.0M,shopping payment,Baidu
京东,com.jingdong.app.mall,6f1fb12601a471f11f441517481525cc,97.2M,shopping payment,Baidu
聚美,com.jm.android.jumei,66c68fcc6958c4e6e6c7844321aa10ae,62.4M,shopping payment,Baidu
微店,com.koudai.weidian.buyer,fb461cd30209e0681c4412f529b7dfd9,102.3M,shopping payment,Baidu
什么值得买,com.smzdm.client.android,6df57427aaebafba277a2416f2343dda,64.4M,shopping payment,Baidu
苏宁易购,com.suning.mobile.ebuy,cbd5340a3adc1011dd9f4bf05591608d,146.2M,shopping payment,Baidu
一淘,com.taobao.etao,33f74a0d2520a1b34a783fb46eac6486,66.2M,shopping payment,Baidu
淘宝,com.taobao.taobao,c7f7c9b0a95f07886478976daa4390c3,85.0M,shopping payment,Baidu
折800,com.tuan800.tao800,e16d3f38a8ceac6bcfe6af7d4a535800,28.0M,shopping payment,Baidu
Mi Loan,com.xiaomi.loan,a5815ca2b22e49c58d2641492ecb1dfa,53.7M,shopping payment,Baidu
小米有品,com.xiaomi.youpin,b1625f391ddc55a2840b042f30fbdc58,131.0M,shopping payment,Baidu
小红书,com.xingin.xhs,ad6b1a09cc892f3d3812beb88b23f4cb,151.9M,shopping payment,Baidu
他趣,com.xingjiabi.shengsheng,7fef8bbbfe926028c4e95e184e66b801,118.3M,shopping payment,Baidu
拼多多,com.xunmeng.pinduoduo,16ddcda3f906fc94e80dd9d49be4db72,29.7M,shopping payment,Baidu
招联金融,com.zl.fqbao,c2a1f36dc07d38e9333abe53171a9647,47.5M,shopping payment,Baidu
央视影音,cn.cntv,18f5b7aafe0233d93319ada868864328,72.6M,video,Baidu
来电视频秀,color.phone.led.flash.call.screen,652aecdd7d09146dac49e5e41567baf2,47.9M,video,Baidu
唱吧,com.changba,d91e6d0a42d77517d812cadaddcb2808,221.3M,video,Baidu
Migu Video,com.cmcc.cmvideo,da7fb3977e1c094306e74acf64b8d3e4,109.2M,video,Baidu
风行视频,com.funshion.video.mobile,d1b4800c319d45649ff7f07aad754718,56.9M,video,Baidu
清爽视频编辑,com.hudun.videoedit,f6fd8cf8971e42aa14d41eed836f9ad4,165.0M,video,Baidu
芒果TV,com.hunantv.imgo.activity,0a7318b6fe93400803a6053da735d55b,100.4M,video,Baidu
美册视频制作软件,com.iMMcque.VCore,aa8016dd07069a32f634a13071293d49,264.4M,video,Baidu
影视大全,com.le123.ysdq,b0c4a27dd44f1ac2ab75abb93aefada6,63.8M,video,Baidu
乐视视频,com.letv.android.client,41386af528cb0852a1231e79b7ae691d,61.3M,video,Baidu
彩蛋视频壁纸,com.novv.resshare,de149939d037f8872923ccb670146626,77.8M,video,Baidu
PP视频,com.pplive.androidphone,99fbbdb72b5c3c1f65d32a1be1d12b92,121.9M,video,Baidu
爱奇艺,com.qiyi.video,29f8b5d7d8ca13c5939d62be669dbb1d,101.4M,video,Baidu
搜狐视频,com.sohu.sohuvideo,a06888c4cf008dac65236992ed814124,120.8M,video,Baidu
搜狐视频HD,com.sohu.tv,c2e9e04cf378a71efa88480548dfc955,30.5M,video,Baidu
天翼超高清,com.telecom.video,0a5b31303bb38261383d7423e86895e6,64.5M,video,Baidu
腾讯视频,com.tencent.qqlive,384b60299d856fc76dbf0b018b3b1681,118.4M,video,Baidu
翼先锋影音,com.xfpay.phone,d1d50857cbe16129b7ab58c4d83cf931,20.1M,video,Baidu
优酷视频,com.youku.phone,44d30d77c68a8019c388fc01c71310ce,72.8M,video,Baidu
手机电视,dopool.player,7da8e80051e7bf808c7cb6e7183504a3,54.1M,video,Baidu
好医生,com.haoyisheng.mobile.app,836c6019580421a47326a4327e3a0508,49.5M,sports and fitness,Baidu
丁香医生,cn.dxy.android.aspirin,05f4e7f13fa83158cb20c4f23b2a1e84,36.4M,sports and fitness,Baidu
用药助手,cn.dxy.medicinehelper,5671017852dd9e75de3ab822b87622a2,63.8M,sports and fitness,Baidu
妈妈网孕育,cn.mama.pregnant,cb512b9c4c2369cd0c78aeb5c75282d6,112.8M,sports and fitness,Baidu
Joyrun,co.runner.app,3ac03935e1bae4d9b5f188895d91a387,107.0M,sports and fitness,Baidu
糖豆,com.bokecc.dance,0eed4a811b99cda681e2b10f2f4bf499,58.6M,sports and fitness,Baidu
薄荷健康,com.boohee.one,1033def8a6cc459566c7bc9c425a6f51,49.4M,sports and fitness,Baidu
咕咚,com.codoon.gps,63ce7e0237ccd26e0c0008cdd927a426,118.5M,sports and fitness,Baidu
广场舞多多,com.duoduo.oldboy,eefa2b2122fa30968244e0b3b62ef2d7,20.5M,sports and fitness,Baidu
Keep,com.gotokeep.keep,af4e68602f5d1764c2f2bf423ee90289,142.0M,sports and fitness,Baidu
微医,com.greenline.guahao,4967cc48083a6c1b5583f52ed94f4a44,137.0M,sports and fitness,Baidu
好大夫在线,com.haodf.android,50d56ff374626cc73228a142f536df03,88.9M,sports and fitness,Baidu
多锐,com.hnjc.dl,5d8952cbcd271cb6cc50f96821cd950b,74.6M,sports and fitness,Baidu
方舟健客网上药店,com.jiankecom.jiankemall,729a9f9e9df20d2a4f21005a4db9af4f,86.0M,sports and fitness,Baidu
美柚,com.lingan.seeyou,9e0e35c6064bab66fe5214510dd53e5e,138.1M,sports and fitness,Baidu
快速问医生,com.ts.zys,8fa673dda933248edc77acfb209d0d2e,96.7M,sports and fitness,Baidu
更美,com.wanmeizhensuo.zhensuo,3926d8e17c0b0540b60cb761b9622af6,91.1M,sports and fitness,Baidu
Zepp Life,com.xiaomi.hm.health,3e28c5c78690789a96810c6804a46bd9,172.4M,sports and fitness,Baidu
妈妈帮,com.yaya.mmbang,38c3505404b85aa25a24d951d1ed0a32,71.9M,sports and fitness,Baidu
悦动圈,com.yuedong.sport,ac133c105fc11ecf06024e1dad96ec4a,239.8M,sports and fitness,Baidu
知音漫客,cn.zymk.comic,a5ffe95ee77f9d364c04552b478197b1,42.0M,reading,Baidu
免费小说大全,com.aikan,580a3fcca237a7a6115825244b1feb3d,19.9M,reading,Baidu
百度文库,com.baidu.wenku,9681241042ab8d52741ff06ff268aef3,58.7M,reading,Baidu
百度阅读,com.baidu.yuedu,2d67887457dfae7fd1230d12e929c912,17.6M,reading,Baidu
半次元,com.banciyuan.bcywebview,908898995de4c906785d7bacf79e2b69,21.5M,reading,Baidu
笔趣阁免费小说,com.biquge.book.noverls,9c47e888ec3df8949f679fbcba72826f,13.7M,reading,Baidu
掌阅,com.chaozh.iReaderFree,ea4208a7e4fb3330efc747cf54b90a47,45.2M,reading,Baidu
飞卢小说,com.faloo.BookReader4Android,2ec49e1d1b63c72e529b769856efdf6e,60.8M,reading,Baidu
晋江小说阅读,com.jjwxc.reader,515bf98eb424a20176b228b0ad07076d,59.2M,reading,Baidu
爱看书免费小说,com.mianfeia.book,c95659119f6cca4534f5b03766fa465a,57.4M,reading,Baidu
免费追书,com.mianfeizs.book,8457a4bc4cabac2576960cbd0d1c6a1d,53.5M,reading,Baidu
熊猫看书,com.nd.android.pandareader,262dd0dcc25c2e4d6e044e8505dbc4f7,31.7M,reading,Baidu
咪咕阅读,com.ophone.reader.ui,d04fd2444f46be69316eec10264aa730,176.7M,reading,Baidu
起点读书,com.qidian.QDReader,710e4a6dcc672a87acfa4214198c7210,57.2M,reading,Baidu
QQ阅读,com.qq.reader,33cc84f1f813dc2c2b98d468caffdbeb,63.5M,reading,Baidu
书旗小说,com.shuqi.controller,c1ea3cbf2177685a3420caf20fa232c5,36.5M,reading,Baidu
快点阅读,com.skyplatanus.crucio,94f33f030cf9ec441daa17f5bc94d99a,39.2M,reading,Baidu
微信读书,com.tencent.weread,f0742921fe80a3026e8160ff0452da02,115.4M,reading,Baidu
?追书神器?,com.ushaqi.zhuishushenqi,d4e0fe0d61588fbe401b194668fa2977,58.1M,reading,Baidu
连尚读书,com.wifi.reader,1d299a950ac4fa2cd53ee0f2f74c095d,51.2M,reading,Baidu
中华万年历,cn.lalawangluo.huangli,d9822213d98fc8d12322363e792915b5,88.6M,system tools,Baidu
百度输入法,com.baidu.input,94869c2887bee073cb8b5baa684c1f60,76.4M,system tools,Baidu
手电筒,com.devuni.flashlight,6804add496c2a0a755f6bbf048968488,6.8M,system tools,Baidu
即刻天气,com.geek.jk.weather,a0f50371cf47f3bf101a969f66fad742,38.3M,system tools,Baidu
iDO Calculators,com.ibox.calculators,2a72ef4b8aa7695f6bc28593aee4e0ff,15.3M,system tools,Baidu
多多手电筒,com.ibox.flashlight,412f80c1e48cbbb8240ca4e0448bf4bd,14.1M,system tools,Baidu
最美天气,com.icoolme.android.weather,76c3169f6b882dd63e4cf01d165fd08e,86.8M,system tools,Baidu
讯飞输入法,com.iflytek.inputmethod,35d7f3aa595333222c9a6bb14f18270f,59.4M,system tools,Baidu
本地天气预报,com.justexceptions.loc_weather,9970447b81d87bedba7834e6a4d233e2,17.2M,system tools,Baidu
章鱼输入法,com.komoxo.octopusime,ade1b4a7d60fb7077b40c5f62b44bc86,76.9M,system tools,Baidu
Ashion Weather,com.lu.ashionweather,107be105e6b2ae40739781357775778c,61.2M,system tools,Baidu
墨迹天气,com.moji.mjweather,c50541ac9a7661e3b8e53466678e73fa,86.1M,system tools,Baidu
今日天气预报,com.nineton.weatherforecast,79a3ee4d1505fbe5c6416f1585d33364,74.7M,system tools,Baidu
实况天气预报,com.sktq.weather,4302fedf5ca87581feb02b96c44b9ff5,46.9M,system tools,Baidu
WiFi万能钥匙,com.snda.wifilocating,944dc940a909d5cb3bc131b6251e5c31,34.1M,system tools,Baidu
搜狗输入法,com.sohu.inputmethod.sogou,a6e15807cb220a653e9686504efa572e,67.3M,system tools,Baidu
QQ输入法,com.tencent.qqpinyin,9fbf7cfce8a407fefb2329b906bdbba0,36.0M,system tools,Baidu
2345天气王,com.tianqi2345,c614611f4cc161f0ac98baa11aa8e08e,49.5M,system tools,Baidu
我查查,com.wochacha,76273b568828bfbb3871948da0a24a9c,16.6M,system tools,Baidu
老黄历,oms.mmc.app.almanac_inland,6a6545917b669fb4f572d4325cfea33c,67.8M,system tools,Baidu
上网导航,com.baidu.hao123,969c54a104b6c38c23b203a2d74315f5,48.7M,browser,Baidu
百度,com.baidu.searchbox,c1a11cfd083eb1ac52a45bcc632260ea,143.7M,browser,Baidu
2345浏览器,com.browser2345,0cebe2918179d74f635f7f77fc2c860f,45.9M,browser,Baidu
ES File Explorer,com.estrongs.android.pop,8ce844d5d4782bdbfa311ed6fc56da28,53.5M,browser,Baidu
久久浏览器,com.forever.browser,da521981026dc23d0b6f2a6b84091062,17.4M,browser,Baidu
高速浏览器,com.jx.fastbrowser,7714f9cf65208f1539ad0f54e957ae71,19.7M,browser,Baidu
极速浏览器,com.jx.minibrowser,0ee9ea8d631ce8d66863e0163be4180f,19.1M,browser,Baidu
私密浏览器,com.jx.privatebrowser,67191b3e231ac2f52db51c6ef9f89ee7,14.5M,browser,Baidu
e浏览器,com.ledu.ebrowser,5e7cdb5647578d6b381625896a466b22,18.8M,browser,Baidu
XBrowser,com.mmbox.xbrowser,c449b707c6d5f0702e7c14465d9bdab6,1.1M,browser,Baidu
浏览器plus,com.moying.browserplus,c91eb8806010fbaced87c63fcb6f8a48,19.4M,browser,Baidu
Maxthon,com.mx.browser,8bc46601765abd5777f96ef20651afc8,16.1M,browser,Baidu
欧朋浏览器极速版,com.oupeng.browser,2ab7892aaba14f8ea2ca7f946629f6aa,19.1M,browser,Baidu
欧朋浏览器,com.oupeng.mini.android,2726b97427f9f24a3f9b5943eb38c2eb,32.1M,browser,Baidu
夸克,com.quark.browser,7920001aeac5e0a69e46b562b7b08812,88.2M,browser,Baidu
AirDroid,com.sand.airdroid,7401484822bea6fe7c3eb6298a783fb4,69.4M,browser,Baidu
UC浏览器,com.UCMobile,c63778c9cb7dacdb6126400113bf7f21,90.5M,browser,Baidu
悦动浏览器,com.yuedong.browser,904550f1462f0b4ecabac120657957c3,0.6M,browser,Baidu
Via,mark.via,df21d4c8f239a9a88f7131fdb0a35f29,1.7M,browser,Baidu
搜狗浏览器极速版,sogou.mobile.explorer,89f66cf77281c7b9e0567338ad6e070e,95.7M,browser,Baidu
闪送,cn.ishansong,e8b9834f8d85495a20b3aa96e86befd7,41.5M,shopping payment,360
唯品会,com.achievo.vipshop,71b35bc2ced8d7378598f3d770230f97,102.5M,shopping payment,360
阿里巴巴,com.alibaba.wireless,6787a0c5bebecee340fbe00e81c0cad1,90.3M,shopping payment,360
丝芙兰,com.arvato.sephora.app,fef32c7c1f560f775000d8e42e7396d0,73.4M,shopping payment,360
优惠券,com.ddyhq.youhuiquan,df88b15fca801b8c00e62c9a8b0769ac,15.5M,shopping payment,360
返利,com.fanli.android.apps,715a3360d859edad52f752654658e3eb,83.4M,shopping payment,360
返利淘联盟,com.fanlitaolianmengw,a175ad15db9da3bedf6e8768c09e456a,52.3M,shopping payment,360
京东,com.jingdong.app.mall,6d287f079aa762f90437bb2d1e4d4dce,96.2M,shopping payment,360
考拉海购,com.kaola,a932e637f77a9b2d494502dfcd3fc2db,40.9M,shopping payment,360
Meituan,com.sankuai.meituan,1a2a6c681bdec45f926265f7e5e04b78,86.4M,shopping payment,360
赚钱联盟,com.songguoyhqw,ac784ff6b92f0cf54eabf481ffddfda9,49.3M,shopping payment,360
苏宁易购,com.suning.mobile.ebuy,798415b8ccec6c70cc7d8a8ffdca9ec9,146.2M,shopping payment,360
闲鱼,com.taobao.idlefish,3fe180b27be80182ea870ebf572be696,116.2M,shopping payment,360
淘宝,com.taobao.taobao,a821b68d53bdd34eef82f7cc825783b5,106.7M,shopping payment,360
淘券街,com.taoquanjieww,4f18d1c481724f2b63ca4b0594b464d8,49.2M,shopping payment,360
手机天猫,com.tmall.wireless,867de8340157728bf9f42227c13af4ba,229.5M,shopping payment,360
VMALL,com.vmall.client,5b44ae59e30414021fed5410c7a8cfbb,137.5M,shopping payment,360
网购联盟,com.wglianmeng,7273eb1386cc724a2c5570f5783c8523,51.0M,shopping payment,360
多点,com.wm.dmall,bfc682f742b374bb7070799b3193d5a4,101.8M,shopping payment,360
拼多多,com.xunmeng.pinduoduo,9781a301ba79a3e0aa6891f5d5fa4da2,33.2M,shopping payment,360
抖音,com.ss.android.ugc.aweme,b2c42e1dc766f506d580d69d825914df,198M,video,360
影视大全,com.le123.ysdq,dc8ee17f488af45268d87108d9201a1b,66.6M,video,360
斗鱼,air.tv.douyu.android,8043a389ce1be7df2eb730356e12199b,110.2M,video,360
好看视频,com.baidu.haokan,70b9e59aae5c47c638f704f48b1f95ac,39.4M,video,360
Migu Video,com.cmcc.cmvideo,635a948741d39b660d0be39a03001dc5,109.2M,video,360
虎牙直播,com.duowan.kiwi,9bf796eeb1d1022037775df757bab2fc,104.9M,video,360
YY,com.duowan.mobile,d3a4908e616a1e81b105c984309685fe,62.3M,video,360
花椒直播,com.huajiao,4cd180438f7b6b778acd47e4764c9bd7,79.1M,video,360
芒果TV,com.hunantv.imgo.activity,5e7faa187b7e3ba63b57c7a8e114ac3b,143.1M,video,360
乐视视频,com.letv.android.client,b789554537f5d64af295180888c78cb5,61.3M,video,360
PP视频,com.pplive.androidphone,5dc2d0a4e3095e9ed08b9456c455aca5,121.9M,video,360
爱奇艺,com.qiyi.video,4ab6e099226e618fae45e88286f3ea44,99.8M,video,360
Kuaishou,com.smile.gifmaker,8990a563f061493e7dc4e739940cfb8e,95.1M,video,360
搜狐视频,com.sohu.sohuvideo,3bb7aaca5a4235edb791ff5aacbf0312,120.8M,video,360
西瓜视频,com.ss.android.article.video,6b6ac5f7810a32e03186478004a90c5b,51.0M,video,360
抖音火山版,com.ss.android.ugc.live,4031bf94c439978b51e3272853c95cf7,201.4M,video,360
全民K歌,com.tencent.karaoke,5f541331dc61aac01f7e40b3a5315a6e,95.4M,video,360
腾讯视频,com.tencent.qqlive,543fefad1bae2e797486b9cc2fe9dadd,111.9M,video,360
优酷视频,com.youku.phone,fff75e614dc30287d0ae81cc8a3f4ff1,77.1M,video,360
哔哩哔哩,tv.danmaku.bili,d38c6e5adf59a458beaf4ea43e057efc,104.1M,video,360
美柚,com.lingan.seeyou,8bc86617d6c80fedeca81ab5c29e2650,138M,sports and fitness,360
妙健康,cn.funtalk.miao,1ee89c79d2348c2718d83b02fe66b22d,111.1M,sports and fitness,360
乐动力,cn.ledongli.ldl,874372000236b6c59dab051c56cfa44e,108.4M,sports and fitness,360
Joyrun,co.runner.app,01a064469aa4b83b9278af5f760a97c7,107.2M,sports and fitness,360
咕咚,com.codoon.gps,1eca70437cd2e5246acc3b2915c3de3f,224.6M,sports and fitness,360
经期日记,com.girl.record,cca76c064627a80d00b2fa1c47a18cc9,27.6M,sports and fitness,360
Keep,com.gotokeep.keep,1d85b6fc00da0a316154e870441fe2d6,139.2M,sports and fitness,360
微医,com.greenline.guahao,d5aee91a1cac61183379ac6b4d3f46db,137.1M,sports and fitness,360
好大夫在线,com.haodf.android,b797ba81c08d59e2f0e60e7b621d75f2,88.9M,sports and fitness,360
Huawei Health,com.huawei.health,7e067a850128a8a55c5c438ca214418d,117.1M,sports and fitness,360
北京协和医院,com.hundsun.qy.hospitalcloud.bj.xhhosp.hsyy,dfb97518125627674c99f3d917447a42,174.1M,sports and fitness,360
优健康,com.ihaozhuo.youjiankang,899b4661ef83ab810a090698fe1469a0,84.7M,sports and fitness,360
方舟健客网上药店,com.jiankecom.jiankemall,dbd0af23f314b5af8c3b5d1c559a8158,86.0M,sports and fitness,360
平安健康,com.pingan.papd,a0a84dc7b2929ac97a96d6c0d2039ed2,99.6M,sports and fitness,360
安全期测算器,com.security.girl,cda21c5f42bfd7179fa01b03803594d7,19.4M,sports and fitness,360
Zepp Life,com.xiaomi.hm.health,0767cbcef7a0985155d5bf4f874a5ab9,172.1M,sports and fitness,360
大姨妈,com.yoloho.dayima,496e5771926b8561198d84aa41990176,115.6M,sports and fitness,360
新氧医美,com.youxiang.soyoungapp,48c2c4edc0ab509caa462d8d2aa6ba20,105.9M,sports and fitness,360
悦动圈,com.yuedong.sport,890a0e9aa5cca1ab7a9654dd5cbf5071,292.9M,sports and fitness,360
护眼宝,protect.eye,01ba1d02958aab9b1b9a9d43785e503c,4.4M,sports and fitness,360
懒人听书,bubei.tingshu,a076389324d6194f980ddc704d9171eb,72.6M,reading,360
宜搜小说快读版,cn.wejuan.reader,5566f82e5af0fc0fc6559eb159f3f2e5,23.8M,reading,360
百度阅读,com.baidu.yuedu,357ab47d1f4b739d4dbe6215708db229,17.6M,reading,360
掌阅,com.chaozh.iReaderFree,b15b48f7f92df53002e0c4e551c21c8e,41.1M,reading,360
当当云阅读,com.dangdang.reader,07425d32e993adbe34569ab6f4c4ee11,65.7M,reading,360
番茄免费小说,com.dragon.read,adef6bafa1b9352c54e1f5365b028af0,47.8M,reading,360
多看阅读,com.duokan.reader,facd6023f2689c1a7a1ed3ed1409a7ff,50.4M,reading,360
福昕PDF阅读器,com.foxit.mobile.pdf.lite,e3bf20ed8c409d886e4930c609f6b29a,94.4M,reading,360
KaDa阅读,com.hhdd.kada,19d6329ba3cb5f75928a58b55ad3af9f,225.4M,reading,360
晋江小说阅读,com.jjwxc.reader,4b2bf1feb1f78995f69d3034e7f700db,61.6M,reading,360
天翼阅读,com.lectek.android.sfreader,4c2ede4524e817e426474581f2d0634b,18.4M,reading,360
爱看书极速版,com.mfyueduqi.book,5b256e897a6d578de4ae459916d9e46a,49.9M,reading,360
网易云阅读,com.netease.pris,eab541474386ca905b6210532f76eaa3,26.4M,reading,360
咪咕阅读,com.ophone.reader.ui,71fd7c952a371ceec82a620ffd3e3a10,177.1M,reading,360
QQ阅读,com.qq.reader,658fe0b1384c3e98af3bb5f33c075e9f,40.0M,reading,360
英语阅读翻译,com.reading.english,4223002793387505ea704b8194d75d6c,33.0M,reading,360
快点阅读,com.skyplatanus.crucio,69facc927c98bb4a2981e591eb6af864,38.8M,reading,360
沃阅读,com.unicom.zworeader.ui,9e6a2f2d8ec209173298a1aefdac9d7f,111.1M,reading,360
Ximalaya,com.ximalaya.ting.android,8cf1e41f1d63130643d75076b768aad7,124.3M,reading,360
一个,one.hh.oneclient,ab6f52e17c48d1ecbaec58b5baddf6a4,18.0M,reading,360
AnTuTu 3D Bench,com.antutu.benchmark.full,3db606bb142aaa93d7b518e327d3d10b,914.2M,system tools,360
讯飞输入法,com.iflytek.inputmethod,c3e2dae161205c6ccaeed08445a874ac,59.4M,system tools,360
鲁大师,com.ludashi.benchmark,a3ef0121d20f3a0cf6c8262dfa9e8f5b,39.4M,system tools,360
360手机助手,com.qihoo.appstore,efef5c2fcebc4585ca5e4b2cc2e795ea,27.8M,system tools,360
360清理大师,com.qihoo.cleandroid_cn,502cfcc8571fd93b7d17668c86964c02,41.0M,system tools,360
360免费WiFi,com.qihoo.freewifi,b6465cd6997f405becf63b8955dea69e,19.9M,system tools,360
Avatar Master,com.qihoo.magic,1314417adf5147665edb50839f97af08,44.0M,system tools,360
360省电王,com.qihoo360.mobilesafe.opti.powerctl,70d14d759a277f0f9073cee372b6acca,28.6M,system tools,360
360手机卫士,com.qihoo360.mobilesafe,63cf9e46bbc40bcfcb0637ac40be030f,39.8M,system tools,360
滴滴车主,com.sdu.didi.gsui,becb7934e32750033b0bc763b8bb2a89,99.6M,system tools,360
清理大师,com.shyz.toutiao,8d3936c0b5c9f1670c9ee47714e7532e,32.1M,system tools,360
WiFi万能钥匙,com.snda.wifilocating,054e4d1777dae1d57721091b685f8ac4,34.1M,system tools,360
搜狗输入法,com.sohu.inputmethod.sogou,34d0fd08400edf7087ea89364ec70193,67.3M,system tools,360
腾讯手机管家,com.tencent.qqpimsecure,ef38802a5319232d4eff7b26c4ee6d06,82.5M,system tools,360
QQ同步助手,com.tencent.qqpim,1a0fe1207918cf83ecc1dc6151b34873,48.4M,system tools,360
QQ输入法,com.tencent.qqpinyin,9fbf7cfce8a407fefb2329b906bdbba0,36.0M,system tools,360
QQ安全中心,com.tencent.token,58d3233cded2a9873da9b2181b069781,19.1M,system tools,360
换机助手,com.tencent.transfer,243da06642fe0ef63c41adf990135891,15.3M,system tools,360
EasyShare,com.vivo.easyshare,86e45aedb22edf28f266561c600c2afc,30.4M,system tools,360
迅雷,com.xunlei.downloadprovider,379e46517f7f2ca7458a6cd93bdbf0c6,100.8M,system tools,360
百度浏览器,com.baidu.browser.apps,351a6e26db986a77dfec263e9e0f4828,48.6M,browser,360
2345浏览器,com.browser2345,77a9a3f3c9b9b93e7286dcd066a5300c,45.9M,browser,360
ES File Explorer,com.estrongs.android.pop,3be7d4448572cd79f72eeed600925fc3,55.6M,browser,360
久久浏览器,com.forever.browser,ad7cfbf52d4daaec670b6d75aa754030,17.4M,browser,360
高速浏览器,com.jx.fastbrowser,6976af4f87a44142a1c172b9623ca3ee,20.5M,browser,360
极速浏览器,com.jx.minibrowser,5bcc2c18f79dd84a425f3cbf65641ea2,16.8M,browser,360
私密浏览器,com.jx.privatebrowser,5bacf48df1c773fe0b32586e03dfd7ef,14.5M,browser,360
e浏览器,com.ledu.ebrowser,b49a7836288434e2dbad3de0e2ba1733,18.8M,browser,360
浏览器plus,com.moying.browserplus,abb9fcc19a3333ddc6750478278b424c,26.8M,browser,360
Maxthon,com.mx.browser,e4967bb0885e05593d2b468235780f2b,16.1M,browser,360
浏览器加,com.my.browserplus,e4b88c0c3dc1fac40fcf9ce59003096c,15.1M,browser,360
欧朋浏览器,com.oupeng.mini.android,2726b97427f9f24a3f9b5943eb38c2eb,32.1M,browser,360
360浏览器,com.qihoo.browser,5af71c9e5030c2647ee2ab314e61adc8,93.5M,browser,360
360极速浏览器,com.qihoo.contents,d6dc3a7ad9352c318b70fd4d747313e5,56.8M,browser,360
QQ浏览器,com.tencent.mtt,2bd394308b68d62feb4b1d73be80ccd7,116.3M,browser,360
UC浏览器极速版,com.ucmobile.lite,b2016c4758753e6e72095e2bb0f0a9b5,27.8M,browser,360
UC浏览器,com.UCMobile,155505e7d1c997da1c2709c3d1ff66bb,90.5M,browser,360
Browser,com.ume.browser,6065a1244cda2784b7564af26f5f8f92,32.0M,browser,360
蚂蚁浏览器,org.mozilla.fennec_mylinux,078a18c70ef355c2a2e3baf360d4861e,82.2M,browser,360
搜狗浏览器极速版,sogou.mobile.explorer,97330d07fd1d5dbed9f91d8abd59eeac,95.7M,browser,360
Dianping,com.dianping.v1,5316c8aac0d92abd627bca12722595f1,82.8M,shopping payment,Wandoujia
恒朗源来,com.gdhenglang.youdetui,07ccbb70dd39b24c620c9768055fc9fb,65.1M,shopping payment,Wandoujia
花礼网鲜花速递,com.hua.order,df07929da4a1e3448090aeed21f4b9ae,49.0M,shopping payment,Wandoujia
换吗,com.huanmakj.cn,3b476c77ce47c26213dacd5cdc71fea4,44.0M,shopping payment,Wandoujia
药e拍,com.ircloud.ydh.agents.ydh03153551,aada1dde0f3822982b3c2c7e1740fa3f,12.6M,shopping payment,Wandoujia
京东,com.jingdong.app.mall,7a1a3174a478f0745ccb44377c658ea4,99.1M,shopping payment,Wandoujia
百e云创,com.rosepie,970d331b15ef726bc58c9a5e39b06936,48.0M,shopping payment,Wandoujia
如艺视界,com.ruyishijie.ruyishijie,ad2d623a3da0eb71477569b1d83d8ab5,201.5M,shopping payment,Wandoujia
闲鱼,com.taobao.idlefish,97abf4bd9f0a9ebc96ac2620e18973ab,116.2M,shopping payment,Wandoujia
淘特,com.taobao.litetao,a514cf676087fe885fcbfbfa06fb1476,67.3M,shopping payment,Wandoujia
淘宝,com.taobao.taobao,c97ca056b99a161939b86d2d8426ada6,117.4M,shopping payment,Wandoujia
手机天猫,com.tmall.wireless,6a724c3ad5b9e579f7e82e15f42c2319,229.5M,shopping payment,Wandoujia
中藏数字,com.v1.zhongcang,9484da38f1471b15694c1bdbc8572c92,15.4M,shopping payment,Wandoujia
好物优选,com.wzy.zy,b3332a5af5397864bef4c9fb4943fe26,39.9M,shopping payment,Wandoujia
小白优惠帮,com.xiaobaiyhb.jvq,061c99e483959dfda6f9d9155753ea66,39.3M,shopping payment,Wandoujia
小红书,com.xingin.xhs,585158456581ec7c57e8615f340eca86,160.5M,shopping payment,Wandoujia
京淘,com.ydd.app.mrjx,0608638108f1c9874789f2e60a0c65ef,63.1M,shopping payment,Wandoujia
租手机,com.youyu.leasehold,db7126e0bc9ddddd93e7b5597d686cee,29.2M,shopping payment,Wandoujia
可萌精选,net.kmjx.kmkj,8514ac4d2bdce088035d6d9e7c6f9e6c,87.7M,shopping payment,Wandoujia
宜企赋多商户后台管理系统,uni.UNI406711E,c26b83f8ae69f1db109768cf36b11273,18.7M,shopping payment,Wandoujia
撸铁记,com.asksky.fitness,38a14ce76f20979f6a771a1186684a1a,11.6M,sports and fitness,Wandoujia
微境骑行,com.blackbird.viscene,5beac9f0570272198c79228852181d0f,43.3M,sports and fitness,Wandoujia
走路挣钱,com.buxing.bxzq,2f97b15bf5526e9afcd129d02cb36598,28.0M,sports and fitness,Wandoujia
每日瑜伽,com.dailyyoga.cn,06521414695e481bb9f469a89893c4e9,70.7M,sports and fitness,Wandoujia
即刻运动,com.fittimellc.fittime,ad1f6d7fe3a5b671f7a6f76e89733dfc,39.5M,sports and fitness,Wandoujia
Keep,com.gotokeep.keep,4c396e23aaf8c16d1c398688cb495a9b,139.2M,sports and fitness,Wandoujia
哈,com.jingyao.easybike,2f213f0864c14eb91893ceced2ecc811,162.8M,sports and fitness,Wandoujia
JClife,com.jstyle.jclife,e70ba4b42cf8ebe434010676ae5b6b63,60.9M,sports and fitness,Wandoujia
Loop,com.justjump.loop,656a8ffb371caad778794e46788f9af3,143.8M,sports and fitness,Wandoujia
硬汗健身,com.longnanming.musclefitness,7977b626bbb758be76a1d3e286ba70e7,44.4M,sports and fitness,Wandoujia
ReHealth,com.lstech.rehealth,c1b7f0a8b2619180ffb4de472193dbef,105.2M,sports and fitness,Wandoujia
23魔方,com.mofang_app,d574e6564aa509ad877e88522cbe85a3,37.2M,sports and fitness,Wandoujia
走财运健步,com.quanxiangweilai.fortune_app,bc6c01cad2160343181af8460beeb576,43.6M,sports and fitness,Wandoujia
运动健身速成fit,com.ruofeng.sport.quick,25575542bd88834bc8197f1f88fd475b,44.2M,sports and fitness,Wandoujia
7分钟健身,com.shuge.fitness,a2785c6a1e0dc6500d479991f8f48df1,34.1M,sports and fitness,Wandoujia
SmileRun,com.smile.android.wristbanddemo,f760669776fc7c5eccc36da5d299737e,29.7M,sports and fitness,Wandoujia
Fit健身,com.sportq.fit,9ed05af609329b6d55842de2c2d79fd3,71.5M,sports and fitness,Wandoujia
一起运动,com.together.sport,f3b2338cdf18095f7a6d95b963f67274,56.3M,sports and fitness,Wandoujia
健康云记录,com.yuejia.healthcloudrecords,603154fe46381d82e18b151aed356e37,32.6M,sports and fitness,Wandoujia
怪兽轻断食,weightloss.fasting.tracker.cn,eefcdd7f01ceb06c67c3bc6c5f7044ff,42.4M,sports and fitness,Wandoujia
TXT全本免费小说全集,cn.ttkmfxs.novel,966f747d28608137580a562ba82be05b,18.8M,reading,Wandoujia
免费小说大全,com.aikan,d9f6a8f80995dc490f2d0db246d27b11,19.9M,reading,Wandoujia
笔趣阁,com.bqg.ddnoverl,fb2364f5c4f1e295f85766c0c76a1c3b,30.9M,reading,Wandoujia
掌阅,com.chaozh.iReaderFree,9acdebaab8acc351c3ba55f05f42fe97,45.2M,reading,Wandoujia
番茄免费小说,com.dragon.read,f3c6d3b63a130b52d0e019e02279032c,49.7M,reading,Wandoujia
悦读,com.huak5.payapp,f136a0037efae3cd3e3722c635923044,31.2M,reading,Wandoujia
阅读神器,com.jie.bookreader,1790e39a6f8ef255b7e0edcdc1139bae,23.0M,reading,Wandoujia
七猫免费小说,com.kmxs.reader,3506881cb6cd91954c67f150684df543,43.7M,reading,Wandoujia
刺猬猫阅读,com.kuangxiangciweimao.novel,41c492253cc5d0d5a00a6ef4b7c5340b,103.1M,reading,Wandoujia
浪云阅读器,com.langyuntek.reader,d5f2bdb42485cb0f60538bf73634622f,15.8M,reading,Wandoujia
必看小说,com.lwby.breader,47785707c85e870b6faa655f6008e26a,14.0M,reading,Wandoujia
免费电子书,com.mianfeia.book,70295661ac95df043befd5238b5ed741,9.1M,reading,Wandoujia
咪咕阅读,com.ophone.reader.ui,e7d742754f110eb7d83a156eefc97830,177.1M,reading,Wandoujia
芒果免费小说,com.qb.mangguo,63d6f3b53f9b8d02e61f505e4befee8d,37.2M,reading,Wandoujia
QQ阅读,com.qq.reader,9aa54651cd00989ba2bcadb04ab83d10,63.5M,reading,Wandoujia
全本免费阅读器,com.quanben.novel,349fa20a793d1aea0eeef043b25f37d4,32.7M,reading,Wandoujia
妙招阅读器,com.shuge.myReader,4fe89ebde7f817513043a9489d608fe0,23.5M,reading,Wandoujia
书旗小说,com.shuqi.controller,e4741c18f22947499a62a86c38677080,37.7M,reading,Wandoujia
薯条漫画,com.shutiao,422ae453d50b6c77392e6ecbbc278db8,54.1M,reading,Wandoujia
免费小说阅读星,com.yueduxing.xsreader,769d3a91e5eb48f485cdf4b54991b5f5,36.1M,reading,Wandoujia
WiFi Pwd Viewer,com.alex.lookwifipassword,d22aaae0fa3052457157cbfa37012f53,6.4M,system tools,Wandoujia
AnTuTu Benchmark,com.antutu.ABenchMark,4d03e4be8e59e4240028ef4f7676b05e,79.3M,system tools,Wandoujia
百度输入法,com.baidu.input,f4c17001fe4f211469e9e0f962accec6,78.2M,system tools,Wandoujia
刷机精灵,com.baijiu.rootpro.jingl,d183f1fce041549249ce0fc91e9cd4b7,16.2M,system tools,Wandoujia
?猎豹清理大师,com.cleanmaster.mguard_cn,3d4f2dcb431a5d556a2c86d4f0623e06,46.5M,system tools,Wandoujia
OurPlay原谷歌空间,com.excean.gspace,f8f0c6d94b523e9995b3ff4d440159dc,41.7M,system tools,Wandoujia
手机管家,com.feisu.shoujiguanjia,3215fee7d314b4cdce17276b6bc5d1ee,20.1M,system tools,Wandoujia
讯飞输入法,com.iflytek.inputmethod,1dd24480b5c9509c5e34c8e75d64ede5,59.4M,system tools,Wandoujia
DevInfo,com.liuzh.deviceinfo,0476f3e6eb82fff7c6b84dffca1999d7,13.6M,system tools,Wandoujia
鲁大师,com.ludashi.benchmark,a1822ae90dbeb90d6ceb216ec9f51bb1,39.4M,system tools,Wandoujia
360手机卫士极速版,com.mobilesecurity.lite,9d35dec7e4a1603e2341b5f485d92a0a,47.8M,system tools,Wandoujia
360清理大师,com.qihoo.cleandroid_cn,d67ebe8e2d7d460c4cb494ba9314984f,41.3M,system tools,Wandoujia
WiFi万能钥匙极速版,com.snda.lantern.wifilocating,7f8b6a350b3eadbc54b7682306096811,29.4M,system tools,Wandoujia
WiFi万能钥匙,com.snda.wifilocating,c3439bb80a56589ee309a0c9f6d5343e,41.5M,system tools,Wandoujia
搜狗输入法,com.sohu.inputmethod.sogou,25e3301df68e0cf85e00e9f23c802054,67.3M,system tools,Wandoujia
腾讯手机管家,com.tencent.qqpimsecure,80aafa113d72617a398c658a2bc31b71,82.5M,system tools,Wandoujia
微信输入法,com.tencent.wetype,bec24439f040bf34b1e917410acbed79,138.4M,system tools,Wandoujia
MkCleanerLite,com.wifi.link.wfys,185da05e944e869ebf077d6217d3efe9,18.1M,system tools,Wandoujia
KK键盘,im.weshine.keyboard,37559c8087eed1bf673b967cb9d976b7,78.6M,system tools,Wandoujia
手机安全管家,kaiqi.mobileguard,2ad46b8852546bb093e0b9ff6400f222,16.9M,system tools,Wandoujia
Alook,alook.browser,33bb343f3732acb9389608f1d4a6f47a,60.6M,browser,Wandoujia
百度,com.baidu.searchbox,cc239dfda133a0cba22079b3d6512203,152.7M,browser,Wandoujia
ES File Explorer,com.estrongs.android.pop,3be7d4448572cd79f72eeed600925fc3,55.6M,browser,Wandoujia
Petal Browser,com.hicloud.browser,bb4533efaa76d6c988fc8aa72d36ae1b,137.5M,browser,Wandoujia
Flash Browser,com.jevis.browser,90f1558d45ca52d8862e933bb2b6a552,7.9M,browser,Wandoujia
ViaX浏览器,com.jx.browserpro,3a7f7743b973a293226f1ee8f80e9e30,27.1M,browser,Wandoujia
安全浏览器,com.jx.safebrowser,1d2f78e1bffb895b9042bb0b94bce100,19.5M,browser,Wandoujia
e浏览器,com.ledu.ebrowser,b49a7836288434e2dbad3de0e2ba1733,18.8M,browser,Wandoujia
w浏览器,com.ledu.wbrowser,a0f13d5ec42ecefa568986e057a5ece3,20.1M,browser,Wandoujia
WiFi万能钥匙浏览器,com.link.browser.app,e8fad876b8b2bb3e70c90ff4481cb6ee,10.0M,browser,Wandoujia
Edge,com.microsoft.emmx,be3fcccd214a17cdacb307a30170b712,128.2M,browser,Wandoujia
全能浏览器,com.moban.wnbrowser,1652c75eb119908ef021a7ab0d76ed01,9.6M,browser,Wandoujia
浏览器plus,com.moying.browserplus,7a8e9e59ba891e03780872763a9847f7,26.8M,browser,Wandoujia
hao网址大全,com.pcpop.popapk,1b71ce7a46ee4f29d15683abee43dd67,20.8M,browser,Wandoujia
360极速浏览器,com.qihoo.contents,8118e398d51de47c27dc5427682f520f,55.5M,browser,Wandoujia
夸克,com.quark.browser,bbeca7dc6c7557da6960a594cec149f5,88.3M,browser,Wandoujia
UC浏览器,com.UCMobile,367d319a1721182b0e8bcdcd8b074775,90.5M,browser,Wandoujia
UC浏览器极速版,com.ucmobile.lite,472320d55650c8679d7e382cd63565cc,27.8M,browser,Wandoujia
Via,mark.via,66b9c0e5e3c9dfa80468ebd6ec3ecaa0,1.7M,browser,Wandoujia
蚂蚁浏览器,org.mozilla.fennec_mylinux,7671d94ba7f3490a5177a4bcf76c18e7,82.2M,browser,Wandoujia
影视大全WTV,cn.quicktv.androidpro,f0fa79a3674d8f84592d0542df032912,84.4M,video,Wandoujia
好看视频,com.baidu.haokan,312eb3843292f3d6d9b112d220e23745,39.4M,video,Wandoujia
Migu Video,com.cmcc.cmvideo,aef3329faeb66d8d0080aa16eae1055d,109.2M,video,Wandoujia
YY,com.duowan.mobile,3d569bd12e7223c3be725bbd381ec6c5,62.3M,video,Wandoujia
番茄影视大全,com.fanqie.lizhi,fd5f1ba9f2a2aa2d37c13e977d119f0e,90.8M,video,Wandoujia
花椒直播,com.huajiao,24ad920083cbd099be5285d9296fa161,78.4M,video,Wandoujia
芒果TV,com.hunantv.imgo.activity,e32f48c059c770a62bf95f22057ef1ed,100.3M,video,Wandoujia
KwaiFluent,com.kwai.thanos,5599ec5b2a60c7eeb08da605d6bd6ede,93.9M,video,Wandoujia
1905电影网,com.m1905.mobilefree,e58909f71532a96d1c95025e2182c3d5,70.1M,video,Wandoujia
今日影视,com.now.video,09c7e55e26aeca604700d22f2d3680a0,64.1M,video,Wandoujia
爱奇艺极速版,com.qiyi.video.lite,c7a7da70e9b24cd209f46122518691c0,36.1M,video,Wandoujia
热播影视大全,com.rebo.video,62b6c35c2a843e930bf7c003841c1ee1,36.2M,video,Wandoujia
樱花动漫,com.sakura.yhdm,48ba286f385ec781fb94886ad1b5ac00,23.3M,video,Wandoujia
搜狐视频,com.sohu.sohuvideo,897778658bd7b15021b5313eaf76756f,120.8M,video,Wandoujia
西瓜视频,com.ss.android.article.video,c635ee27eb01e18b6badde8ccfb3a2f5,51.1M,video,Wandoujia
腾讯视频,com.tencent.qqlive,05ae437e26a40b8c5b0ac8dc3cd128f3,121.2M,video,Wandoujia
腾讯视频 HD,com.tencent.qqlivepad,f33f8885a92021e894009ba4750d3702,26.7M,video,Wandoujia
百搜影视大全,com.xiaodutv.bdysvideo,b51137a4c162a7fc6cbfca6d7fec78d2,65.9M,video,Wandoujia
优酷视频,com.youku.phone,2c38fb892d8bb60a8e138a0d5568ce51,77.1M,video,Wandoujia
哔哩哔哩,tv.danmaku.bili,8dd7e32335437ef25c88ab05dcb3d022,104.2M,video,Wandoujia
永辉生活,cn.yonghui.hyd,486769fd0644a3c253ab4c307ddd2b71,37.6M,shopping payment,Xiaomi
唯品会,com.achievo.vipshop,7d4fc52eee18e2bccfc40c8639ff6a23,102.8M,shopping payment,Xiaomi
京喜特价,com.jd.jdlite,169286aceeac83597cf9737fae5c154d,20.8M,shopping payment,Xiaomi
京东,com.jingdong.app.mall,c54e5d37a087fc5ad1230da919d3b7fc,96.2M,shopping payment,Xiaomi
咸鱼,com.kingkr.keqiaoling,d0188fdaa8e02584486e23c40797ca81,53.0M,shopping payment,Xiaomi
淘粉吧,com.leixun.taofen8,a57f9cf40d9e20caff694b1c683dbb57,82.4M,shopping payment,Xiaomi
朴朴超市,com.pupumall.customer,5d762070ae28c9bb002fee126d7b2d2d,73.0M,shopping payment,Xiaomi
大润发优鲜,com.rt.market.fresh,0397019e491fc2cc59536c4ff74a87d4,61.0M,shopping payment,Xiaomi
美团优选,com.sankuai.youxuan,3cca2a12436dad36dc41de4b70fc7d65,19.4M,shopping payment,Xiaomi
得物,com.shizhuang.duapp,f798d8b92cc48d52a243fce62e5be14c,71.4M,shopping payment,Xiaomi
一淘,com.taobao.etao,b68d0c1126c6a7f5047e59748a4523f2,66.2M,shopping payment,Xiaomi
闲鱼,com.taobao.idlefish,f405cf5e2b37bdc84aeb7e465d92682d,76.2M,shopping payment,Xiaomi
淘特,com.taobao.litetao,6f592e480852158db11f415554ceeb77,52.9M,shopping payment,Xiaomi
点淘,com.taobao.live,a43bd93ef2e05bd63ce59c105b964f9e,116.2M,shopping payment,Xiaomi
淘宝,com.taobao.taobao,3e7042d896222bca5a4c78e0d4cbd26c,84.0M,shopping payment,Xiaomi
1号会员店,com.thestore.main,20dacdef77c45b93eadf8704830417a2,78.4M,shopping payment,Xiaomi
手机天猫,com.tmall.wireless,1c55ae07b76411b2a6222fd6d9a53d7e,138.7M,shopping payment,Xiaomi
转转,com.wuba.zhuanzhuan,2b091d9063e3c3fe7693d8d1bc5c53c0,91.7M,shopping payment,Xiaomi
盒马,com.wudaokou.hippo,5e17e41aa94a03f204aa173a878614a5,45.8M,shopping payment,Xiaomi
拼多多,com.xunmeng.pinduoduo,1f91b5de29c4bba7a801c3e21cf6aed5,24.6M,shopping payment,Xiaomi
小宇宙,app.podcast.cosmos,9a704becf02839913fce54c10fe8dfb9,28.5M,video,Xiaomi
韩剧大全TV,cn.lzm.koreatv,88c9d5c089d92a8da765c8a16ebf40c0,68.1M,video,Xiaomi
影视大全纯净版,com.all.video,055eada1f7d47486dee75bc79cd59e0d,59.8M,video,Xiaomi
月亮影视大全,com.app.moontv,7e98432fc7d3a8464b69bca5b5413856,50.4M,video,Xiaomi
好看视频,com.baidu.haokan,573b1fd61686cae103dd282df91a1c85,39.4M,video,Xiaomi
虎牙直播,com.duowan.kiwi,95269c615802b810336de6d8445057d9,77.2M,video,Xiaomi
每日影视大全,com.everyday.collection,db2928c3319b842f9235bd4365eb9e8f,27.5M,video,Xiaomi
番茄影视大全,com.fanqie.lizhi,b134ee07bd892c75c1c078fe7ef1024d,59.4M,video,Xiaomi
快手极速版,com.kuaishou.nebula,3e60842372c933b39af6d9a41bc27e5d,52.2M,video,Xiaomi
影视大全,com.le123.ysdq,a34cd5703a91178e14d69963275239f1,62.7M,video,Xiaomi
爱奇艺,com.qiyi.video,b52788f772ff94747c6efafc028c3a49,98.6M,video,Xiaomi
爱奇艺极速版,com.qiyi.video.lite,2b92f1a1a8fb6ac452d7bb20a28fb115,30.0M,video,Xiaomi
影视大全高清版,com.sesame.video,226e3f8cbe91aa2937ef39104ed3a8b8,62.6M,video,Xiaomi
七七影视大全,com.sevenVideo.app.android,94b0d1247775a9f4ed8a158d419aa780,41.5M,video,Xiaomi
Kuaishou,com.smile.gifmaker,8ce5177d5ac43600b3a564e36c932e2b,95.1M,video,Xiaomi
皮皮虾,com.sup.android.superb,6d1b9eb444e0e860d4b512afc53ec892,49.4M,video,Xiaomi
腾讯视频,com.tencent.qqlive,79a92e624a4af4dfb85dd1e308420c58,118.6M,video,Xiaomi
漫播,com.uxin.kilaaudio,d12aac7132828514b851beab0b33b28d,64.6M,video,Xiaomi
影视大全极速版,com.video.lite,5af87598e9189caf95dcd0f0f0612e5d,70.9M,video,Xiaomi
优酷视频,com.youku.phone,ae50f38a4a5135655b948ff6cbe012f9,72.8M,video,Xiaomi
宜准跑步,cn.ezon.www.ezonrunning,e13a584ab44790bc624ecfb6b1f6fa24,47.6M,sports and fitness,Xiaomi
乐动力,cn.ledongli.ldl,d81651228bb5d939c9d03eca7fdf59d2,103.6M,sports and fitness,Xiaomi
S365,cn.lnts.android.sghome,f2a3098f0197b6373b5399752bb0eb3f,155.9M,sports and fitness,Xiaomi
咚咚健康管家,com.ciyun.enthealth,f8a692351a43864e2a76ec2fe727004c,82.1M,sports and fitness,Xiaomi
人人走路赚钱,com.csxx.walker,a4ad818e6753001d8374d60baa14ebb0,28.2M,sports and fitness,Xiaomi
爱动健身,com.example.aidong,ccae28e67330b2d88add2d42e17b79a5,83.6M,sports and fitness,Xiaomi
运动跑步计,com.juchao.sport,7dc940cf0df4e30c4862f1dd6dfd27f2,30.8M,sports and fitness,Xiaomi
跑跑,com.libo.running,959ec35f27a82ad93a91d7b35b410bbc,114.5M,sports and fitness,Xiaomi
耐动,com.nidoog.android,3a63188799946d63f296831f0e0c6484,40.4M,sports and fitness,Xiaomi
运动计步,com.pang.sport,a710ea76ebd5afbadb83bacd3c047b25,9.7M,sports and fitness,Xiaomi
步多多,com.qsmy.walkmonkey,f4dd1a8c637aed649bbb84782c36a54f,49.1M,sports and fitness,Xiaomi
RDFit,com.rd.tengfei.bdnotification,160bcc24078147ec0c75033505d721e5,70.7M,sports and fitness,Xiaomi
运动健身速成fit,com.ruofeng.sport.quick,8875e7d5248f761e059cbd5e21b8831e,44.3M,sports and fitness,Xiaomi
西瓜视频,com.ss.android.article.video,6b8c294eff9c41c9c7a88dd50f13ba8b,51.1M,sports and fitness,Xiaomi
计步器卡路里,com.syd.stepcount,53592c115150b13fb02f079a7f9994d1,16.5M,sports and fitness,Xiaomi
运动走路计步器,com.tskj.jibuq,b0604e6808d77290477006c3ef3af5af,42.4M,sports and fitness,Xiaomi
Wearfit,com.wakeup.smartband,0729aebd0504337f358a1e7a5e501554,41.2M,sports and fitness,Xiaomi
HryFine,com.whs.ylsh,33ea2a718960e4f3c067f66c17cbcbe8,46.1M,sports and fitness,Xiaomi
FITUP,com.wosmart.fitup,6c9e046c0c92e6eda736cd3d259d3948,68.6M,sports and fitness,Xiaomi
Lifesense,gz.lifesense.weidong,3e7dbf2fe666d39604a1aec0c1869a3e,53.4M,sports and fitness,Xiaomi
宜搜小说快读版,cn.wejuan.reader,4889fe3703ef2fa2b8e4bf44392f58fa,31.1M,reading,Xiaomi
笔尚小说,com.bishang.bsread,1c98521bad34b19c4ef111d1cbc96423,20.0M,reading,Xiaomi
小甜饼,com.bloomsweet.tianbing,b2a3a4e2319717eb580e43adc9d0e6f9,32.8M,reading,Xiaomi
火星女频,com.duyao.poisonnovelgirl,b5fa3e85d0c9b8a45ec756dd3c2d3b29,16.8M,reading,Xiaomi
免费趣小说,com.fread.interestingnovel,34643bd72f9a26ab34b4687ace8bba7b,46.0M,reading,Xiaomi
番薯免费小说,com.hk.reader,e7a327403f6828a076565a8e43b78365,30.6M,reading,Xiaomi
爱集微,com.jiweinet.jwnet,307787f560502fbbccac9b9153816af6,30.5M,reading,Xiaomi
爱看书极速版,com.mfyueduqi.book,14c5d52ab06aaeda91526da7a0a7aeaf,49.9M,reading,Xiaomi
破竹,com.mizhai.pozhu,dab06dc8aad2efed5f7458388c8e75ad,43.1M,reading,Xiaomi
熊猫看书极速版,com.nd.android.pandareader.fast,25e2f63d1fb7bfeefc5712d1003eae2a,29.4M,reading,Xiaomi
爱奇艺小说,com.qiyi.video.reader,181bbc0b3af83b4fc6aeccc837252f86,73.1M,reading,Xiaomi
菠萝包漫画,com.sfacg.comic,04d554fed266dabe864227135ef20d5c,51.9M,reading,Xiaomi
连尚免费读书,com.wifi.reader.free,363813cd2611929e7754791135f60a6d,50.9M,reading,Xiaomi
连尚读书女生版,com.wifi.reader.girl,e1eac0c4942d33051bf29b006bdfb225,51.0M,reading,Xiaomi
智堡,com.wisburg.finance.app,18991f5e2a5e2749327bdd5a00f518ad,59.9M,reading,Xiaomi
安顿,com.xueyangkeji.safe,41072218284995b7280d413cfc15af42,93.4M,reading,Xiaomi
新语听书,com.xyts.xinyulib,2cb2c937e46f6054af55e4c80bbbcbb3,37.0M,reading,Xiaomi
小说巴士,com.zhangdu.zhangdustore,a315eb0e9f9bbbd5546f34238ecd011a,23.6M,reading,Xiaomi
逐浪作家助手,com.zhulang.writer,9fd844a26e23835ceef03b39502d4801,6.6M,reading,Xiaomi
有章阅读,lawpress.phonelawyer,1673aedc3b5e0ba376556a9a802be895,37.9M,reading,Xiaomi
卓师兄,com.auntec.zhuoshixiong,f62f4caf1ac48e4033144d994f5af1b6,38.5M,system tools,Xiaomi
百度关怀版,com.baidu.searchbox.senior,24b159ce2b028c20f1421a811ee14dfc,43.0M,system tools,Xiaomi
Unzip King,com.cjtec.uncompress,3695798876f7ef0a8835f019ba3bd90e,22.8M,system tools,Xiaomi
?猎豹清理大师,com.cleanmaster.mguard_cn,bc6d1352b4312e7a5f67778e4efc87f4,49.4M,system tools,Xiaomi
电池寿命管家,com.fltapp.battery,f5bffce268d9deae7a0a32133e12241c,16.4M,system tools,Xiaomi
充电精灵,com.hqf.app.chargingwizard,dc569c420587b69349dcc85d0eeb5b19,50.0M,system tools,Xiaomi
存储空间清理,com.ktls.fileinfo,6a121c81a4da2bcf8cbf459470e74376,11.3M,system tools,Xiaomi
鲁大师,com.ludashi.benchmark,274918d4a47a89b1a9e48a6389039bd1,39.4M,system tools,Xiaomi
安卓清理君,com.magicalstory.cleaner,0e3eb6eb285e10899e485cac0b4ad490,5.8M,system tools,Xiaomi
Mi Mover,com.miui.huanji,a0e082ba080179b4bc601deb49ded182,37.1M,system tools,Xiaomi
UU Booster,com.netease.uu,3e4f876ca4fc30b51e3cc84c28ec8dfa,33.6M,system tools,Xiaomi
biubiu加速器,com.njh.biubiu,8ab81f84cd46923fdb6b575e4339f4b8,56.7M,system tools,Xiaomi
雷霆加速器,com.proxy.gsougreen,3be67dc12fd21e26eb156296d6f46aee,18.9M,system tools,Xiaomi
壁纸主题大全,com.qisi.wallpaper,8830c1f78b311da41e0b5284b08d9c9e,21.8M,system tools,Xiaomi
快启动,com.shbodi.kuaiqidong,e914d63d4afe70183c0e301c39d80aa9,18.4M,system tools,Xiaomi
换机助手,com.tencent.transfer,471c46b9e9dc4073bff43d554c024ead,15.3M,system tools,Xiaomi
EasyShare,com.vivo.easyshare,11a55672391782fa15693ed0a0467aa0,30.4M,system tools,Xiaomi
模拟定位神器,com.yuxi.fakergps,65cd15545a9d07ffbf75237d1018001c,54.0M,system tools,Xiaomi
电池医生,com.zjzy.batterydoctor,083b77ba56b5e21b2c24b900bc263761,17.5M,system tools,Xiaomi
蜂鸟众包,me.ele.crowdsource,ec139f74d8864047266c0f00e9209cc0,92.8M,system tools,Xiaomi
爱如电,com.gw.huiyou,c838d81400cba4212524dfa31df5e5a9,117M,browser,Xiaomi
百度极速版,com.baidu.searchbox.lite,4115bd4a98401671e10c60f943f3389f,43.1M,browser,Xiaomi
Flash Browser,com.jevis.browser,90f1558d45ca52d8862e933bb2b6a552,7.9M,browser,Xiaomi
ViaX浏览器,com.jx.browserpro,8bde6ca4a096d888d5c768aae3267290,19.6M,browser,Xiaomi
极速浏览器,com.jx.minibrowser,59116b39e487a58fc3bce5886ab176de,19.1M,browser,Xiaomi
w浏览器,com.ledu.wbrowser,70e11acb30c81bc833e8397135fcca05,19.1M,browser,Xiaomi
LeganBrowser,com.legan.browser,274776f72affc630aa00daf3d1d4ca4b,64.0M,browser,Xiaomi
Maxthon,com.mx.browser,d448a2850b4015e7c2a4adbe1de84f24,16.1M,browser,Xiaomi
浏览器加,com.my.browserplus,0e4d98ce9a665655cfa258bd78574931,13.7M,browser,Xiaomi
Rains浏览器,com.rainsee.create,ada5e6b3ba50b5e8649a60d78b99cfc9,14.7M,browser,Xiaomi
UA浏览器,com.sljh.uabrowser,81f04619e94563639a277cc21b311468,19.4M,browser,Xiaomi
淘搜浏览器,com.tl.browser,afaaa1191028e0e2daccdbfa6f0df3ee,31.9M,browser,Xiaomi
Twinkstar,com.twinkstar.twinkstar,41a73f0d0baac0967761ee62fe46d0fe,103.4M,browser,Xiaomi
久久浏览器极速版,com.uc.antsplayer,f4439939809944916dcadf1533a5273c,8.6M,browser,Xiaomi
UC大字版,com.ucmobile.elder,40d6aa4ea4eee95783e7747275c5c105,57.0M,browser,Xiaomi
UC浏览器极速版,com.ucmobile.lite,f5017f16379f1c7c111bd6e4eac590fb,27.8M,browser,Xiaomi
WWW,com.wwwie.wow,59372dceda906a946fd29d08b992f3ff,15.5M,browser,Xiaomi
洋葱浏览器,m.yangcong.ie,ac0c274a44bca27598f4ce341a7752e7,10.8M,browser,Xiaomi
油猴,m.you.hou,c77f73be242f4bb8426d021d1752580f,13.8M,browser,Xiaomi
蚂蚁浏览器,org.mozilla.fennec_mylinux,3d76b8cf8ddeb0c57f059de61dbb641d,82.2M,browser,Xiaomi
GOAT,com.airgoat.goat,684aa6b40e02670ac43098c5d1b06cff,134.4M,shopping payment,Google
AliExpress,com.alibaba.aliexpresshd,fd929975991441b185ddb821145527e1,136.9M,shopping payment,Google
Alibaba.com,com.alibaba.intl.android.apps.poseidon,ee58a3f10e22d8d89bb1435414cbec76,136.1M,shopping payment,Google
Amazon Seller,com.amazon.sellermobile.android,21de8ced6742a652164a3ea6a9fb1518,21.9M,shopping payment,Google
At.G Mall,com.atomy.android.atgmall,a16820af8bd2b9d8ed95885a151b4362,2.8M,shopping payment,Google
Banggood,com.banggood.client,47e5266435a4b3fa20d951907918f108,32.1M,shopping payment,Google
Chrono24,com.chrono24.mobile,4c66312e0bc30557a3c3baa6fa206e61,25.7M,shopping payment,Google
??,com.coupang.mobile,ac76f2de343a87bfd00551e60dd0033d,87.2M,shopping payment,Google
eBay,com.ebay.mobile,82117e868ee59a034da66b3ed78dc4be,190.6M,shopping payment,Google
Flipkart,com.flipkart.android,044e14ad7b5a01546460ad3695290246,39.6M,shopping payment,Google
京东,com.jingdong.app.mall,b02611dff0f0b17abe0eff926f4d5ea6,95.5M,shopping payment,Google
Made-in-China.com,com.madeinchina.b2b.trade,c4425726449153df3b99b33d772b3fe2,108.7M,shopping payment,Google
Myntra,com.myntra.android,cdb1eb2f36e5e4cb64156b99f673fbf4,24.7M,shopping payment,Google
oShirt,com.oshirtshop.com.designer,c3940374efc4fc8b4a64bbc9e00d92c6,44.1M,shopping payment,Google
Product Hunt,com.producthuntmobile,e0b5b20309b282f5cd63a8641d292d31,33.8M,shopping payment,Google
mySchneider,com.schneider.qrcode.tocase,dd09b3cea11ec3e37642b531f3fc8fcb,38.9M,shopping payment,Google
r皮物,com.shopee.tw,2e1d6f11ab8a3d7895eb264ba09a9d33,194.8M,shopping payment,Google
什么值得买,com.smzdm.client.android,316d58bb2561338bf8e17b0e108a6651,64.0M,shopping payment,Google
闲鱼,com.taobao.idlefish,63eaa3769df67c8629f325130486671c,116.1M,shopping payment,Google
淘宝,com.taobao.taobao,a62f6a7a64175df965d26eb73ecc10c8,117.5M,shopping payment,Google
海客视频,ai.botbrain.haike,4d5de5d2d08a39bea841014a43cbcb5c,78.6M,video,Google
InShot,com.camerasideas.instashot,c77b253b76cfd7408b3f4b6393a70aad,69.7M,video,Google
Film Maker,com.cerdillac.filmmaker,5a7d15e6d34f2cda7f50a97e043014d2,36.9M,video,Google
Josh,com.eterno.shortvideos,0575e66668f8345f82a10d84a3e92455,86.5M,video,Google
YouTube,com.google.android.youtube,907e0d5b1db61ad51686952094023bac,149.1M,video,Google
虎牙直播,com.huya.kiwi,37ecd0ef6c6b36771bd15bb42ab2bd87,92.0M,video,Google
KMPlayer,com.kmplayer,4bee1f71e82d308d5e7a0c27a204539a,197.3M,video,Google
Mi Video,com.miui.videoplayer,5dcbe7326e8de0d671d7e68f56717064,67.4M,video,Google
Movika,com.movika.android,35630f22e4658e86fe714bb02d187d61,65.4M,video,Google
Tango,com.sgiggle.production,41edd93baa374a7cd0b2ff1e551ba853,158.7M,video,Google
Weibo,com.sina.weibo,c4ddbd59a359172b85514194daaef36f,151.9M,video,Google
TikStar,com.sm.tiktoktool,2ef8ab546f6969c55569690d849a297a,60.7M,video,Google
TikTokDownloader,com.video.downloader.no.watermark.tiktok,5faf092e8655c84dadf074dc5f6b5e0d,13.4M,video,Google
小红书,com.xingin.xhs,026a605732d5f409960e6726f7b222da,149.2M,video,Google
乐秀视频编辑器,com.xvideostudio.videoeditor,c286c36ded78804a149e54e369fa731b,51.8M,video,Google
Vskit,com.yomobigroup.chat,526b051113d5ac58cc0d20909a2b9b34,64.7M,video,Google
Tik Tik Video Player,destiny.video.music.mediaplayer.videoapp.videoplayer,62d208040311e8dfee9cb95e46abfe0b,72.0M,video,Google
NHK WORLD,jp.or.nhk.nhkworld.tv,d2810f0af664d7dbf8894e672fdc6e88,5.2M,video,Google
VLC,org.videolan.vlc,e0781782c633ccdbebf30e47d4519c52,34.5M,video,Google
Video Player,video.player.audio.player.music,607f96527eef7490cc55385f1dac2269,35.2M,video,Google
Cardiogram,com.cardiogram.v1,ec63e4115d63127a09988e82772b9299,10.1M,sports and fitness,Google
Pedometer,com.divinememorygames.pedometer,c34e237cae46650c40f4be04b7afd2b7,14.1M,sports and fitness,Google
Pedometer,com.divinememorygames.pedometer.steps.calorie.counter.free,97671c29b792ad84b31dd08f8224e94c,11.0M,sports and fitness,Google
Personal Health Monitor,com.extrawest.healthcare_flutter_app,bc783e96992162239c31b11a829c6360,38.6M,sports and fitness,Google
Fit,com.google.android.apps.fitness,d3fb1c97819011e355124d4d38e75249,31.4M,sports and fitness,Google
OnePlus Health,com.oneplus.health.international,fd5b98f171bab32813afcd0fe0cb5e44,87.5M,sports and fitness,Google
GStep,com.pedometer.stepcounter.tracker,2dab5f6a38ff46abf3693268e66ca5ac,27.3M,sports and fitness,Google
Samsung Health,com.sec.android.app.shealth,12547cd8a9ff73a8436f749fea6715fe,122.4M,sports and fitness,Google
Pedometer,com.tayu.tau.pedometer,41a5bb87d091f6fe1b0e9e55bad54db9,9.8M,sports and fitness,Google
My Health,com.transsion.healthlife,3f139b8048b0a9e26cdd106dd23a1a6b,117.5M,sports and fitness,Google
Zepp Life,com.xiaomi.hm.health,5638cba7c0499f7f97e4b18431190664,109.4M,sports and fitness,Google
Mi Fitness,com.xiaomi.wearable,ec07dd9bf05ffb0fe4a13a6f9e3645fa,117.6M,sports and fitness,Google
SmartHealth,com.zhuoting.healthyucheng,e962187edd8dcc78ec2ab0901679337a,73.7M,sports and fitness,Google
Pedometer - Step Counter,pedometer.stepcounter.calorieburner.pedometerforwalking,4a995cbe3880fb3e7b38affa0402027a,13.4M,sports and fitness,Google
Pedometer Step Counter,pedometer.steptracker.calorieburner.stepcounter,82d53726f9de191900d47d431ee395d2,13.9M,sports and fitness,Google
Step Counter - Pedometer,stepcounter.pedometer.stepstracker,cc26989c3fe906f1856834185a8c601f,44.6M,sports and fitness,Google
Step Tracker & Pedometer,steptracker.healthandfitness.walkingtracker.pedometer,b09af2c79046b73a420c826fdb42bf39,12.9M,sports and fitness,Google
Stretching Exercises,stretching.stretch.exercises.back,928baeee2d01eaef9acc7289dcb8c9c6,15.2M,sports and fitness,Google
Walking for Weight Loss,walking.weightloss.walk.tracker,ed335d9caedd6a4db716584213799366,9.5M,sports and fitness,Google
Female Fitness - Women Workout,women.workout.female.fitness,8f865aed0de39fa5bc01f8b6950e1e21,18.1M,sports and fitness,Google
匙x城,com.changdu.stories,9bdadd7720c2ccf89f4b73728c9c99e8,29.6M,reading,Google
Moon+ Reader,com.flyersoft.moonreader,51d5a2a28ae4cd1dc9e0d610924b8aa7,34.9M,reading,Google
绿柠小说大全,com.goreadnovel,fc33b9f555593d631a74b760e3149b5a,18.6M,reading,Google
Pubu,com.nuazure.bookbuffet,d30090708953ffb60617b4759b342ea3,61.5M,reading,Google
PocketBook,com.obreey.reader,85c3f7f3de33064b57902e147d98d6b3,121.9M,reading,Google
eReader Prestigio,com.prestigio.ereader,17452e94dce831f4a4156eac9b28cba4,133.3M,reading,Google
eBoox,com.reader.books,7a2a5bbd1a927b79b45f03aa96171d1f,27.2M,reading,Google
随阅小说大全,com.suiyuexiaoshuo,3896024620e92dcbe83d65685d5e1fd4,20.0M,reading,Google
微信读书,com.tencent.weread,96b0aab6e747ef435b2406e7cb7e811c,116.2M,reading,Google
Deereader,com.wunsun.reader,504f2fd6bd409723edd1f26bb181bf66,17.1M,reading,Google
小白阅读,com.xiaobai.book,37e65a374cb06f94407b429a21df6b8a,32.4M,reading,Google
Xodo,com.xodo.pdf.reader,721f50f68438e8b58ac4a0279cc59c9a,31.8M,reading,Google
野果阅读,com.yeguo.book,a79468363439de04687259ac4d91d2a9,63.1M,reading,Google
OwlReader,com.yhh.play.release,dc974fcde93709e3fc7f22fe833a3264,22.3M,reading,Google
终点看书,com.yhh.zhongdian,b614b6ea965486853e31142d1ca54398,13.1M,reading,Google
iReader,com.zhangyue.read,4129c02d57b24161929975491430f628,39.6M,reading,Google
ZINIO,com.zinio.mobile.android.reader,02515ac1181827db1a0d808970825e2a,51.8M,reading,Google
Bookmory,net.tonysoft.bookmory,e098faa2b9a1a41e9e288f1a3ea33277,43.5M,reading,Google
FBReader,org.geometerplus.zlibrary.ui.android,33b6405a0318d0788da50cb5937afc8a,7.5M,reading,Google
ReadEra,org.readera,9b849ee03dbd93837f01fa9c35526b9a,16.2M,reading,Google
One Read,alldocumentreader.office.viewer.filereader,3a46c320cd08fa91ddabdc7999c1b1b6,15.3M,system tools,Google
File Manager +,com.alphainventor.filemanager,9bda2b40f4a1e1785b9a839c1438cb95,7.6M,system tools,Google
My Phone Hardware Software & App Info,com.catchy.tools.myphoneinfo.rp,847610bbe48e3285a90877e464e1ff3a,8.7M,system tools,Google
Pure Writer,com.drakeet.purewriter,ff4e91bef50325c2319a9021a9b49d40,25.3M,system tools,Google
Voice Recorder,com.first75.voicerecorder2,1913b10a0a11c2621ee679d76fde83af,27.2M,system tools,Google
Files by Google,com.google.android.apps.nbu.files,3807857d8543d16c7206f979db94f47b,17.9M,system tools,Google
Calendar,com.google.android.calendar,9fad2bf3e45bdd40f2aac47af5b8eb90,27.2M,system tools,Google
Hayo,com.hayo.client,1c3fdff205bf90497f2aa6a887809b81,48.5M,system tools,Google
CamScanner,com.intsig.camscanner,9e1297d42cb0d29f4c2bc95735341c45,97.5M,system tools,Google
Castro,com.itemstudio.castro,2358466a6b79b13e272e1f32a5d4b46f,4.7M,system tools,Google
CCleaner,com.piriform.ccleaner,7905ffae12c76353d0ade19f69696cce,39.9M,system tools,Google
ColorNote,com.socialnmobile.dictapps.notepad.color.note,d0cbd6fda18f04e9a64e5040b7dcb1b5,4.0M,system tools,Google
Gallery,com.tclhz.gallery,f3e63d8e418dce7e693d6c8b2ff94c41,53.4M,system tools,Google
Compass,com.ubiris.twdcompass,eae3a6bb465d59f04dfe5851e0643e26,3.3M,system tools,Google
Bitwarden,com.x8bit.bitwarden,962a76c358d7fa690139b2564cc80f41,64.0M,system tools,Google
SD Maid,eu.thedarken.sdm,b667e4e32ba99a656e5852dada4131c0,7.9M,system tools,Google
NetShare,kha.prog.mikrotik,6729ad8045c1614925f71285e860555d,0.7M,system tools,Google
Signal,org.thoughtcrime.securesms,b242922dd7096ef0072223bf4bcd00cb,56.0M,system tools,Google
Screen Master,pro.capture.screenshot,035a9b97ced64e2a7dd1c87f476f536d,13.0M,system tools,Google
QR Code Reader and Scanner - Qr Scanner,qrcodereader.barcodescanner.scan.qrscanner,7f9f19a925e2a0dba337c73f30ae2a7d,7.9M,system tools,Google
Aloha,com.aloha.browser,790381232878a3a7a8e5648b79cf39bc,165.1M,browser,Google
Chrome,com.android.chrome,1c1c1b320fd910e5c311996f390fe143,227.0M,browser,Google
Brave,com.brave.browser,5425041c34c31c559aed539f1e6d0842,260.1M,browser,Google
DuckDuckGo,com.duckduckgo.mobile.android,94667e8f850709b5478626173111a789,50.8M,browser,Google
Ghostery,com.ghostery.android.ghostery,ee0b80fbd8aa4f2e58d498ecf20b28b2,86.0M,browser,Google
Kiwi Browser,com.kiwibrowser.browser,cf5253a6934ed4299f2344df81a318c1,141.5M,browser,Google
Mi Browser,com.mi.globalbrowser,54f721e59a28f91893e8777046f2f322,116.9M,browser,Google
Mint Browser,com.mi.globalbrowser.mini,d98a4f2fb5096f2d8c5763d1c244df70,13.8M,browser,Google
Bing,com.microsoft.bing,ad3b7b695053c9f1ff8b4a78c7a950bd,123.4M,browser,Google
Edge,com.microsoft.emmx,4e3d24cc139aad3006beb27728698c8d,128.3M,browser,Google
Opera,com.opera.browser,61389c7fa4a82e4c17ec8decf11539bc,116.3M,browser,Google
Opera beta,com.opera.browser.beta,e7616f467b18a1263d4dc3ac3d2efbd8,116.3M,browser,Google
Opera GX,com.opera.gx,01fb73e2dc2bd85879ebe099afbe7e32,42.0M,browser,Google
Speed Browser,com.robinapps.speedbrowser,a2a4bb1b861cdecbb24a2cda918aca6f,3.7M,browser,Google
Yahoo Search,com.yahoo.mobile.client.android.search,4b6f5a818a7fd203abf461e3781fa51f,97.6M,browser,Google
Dolphin,mobi.mgeek.TunnyBrowser,8987ca2ce9aa2b6b25bf80d4b2e7eea5,17.2M,browser,Google
Keeplink,org.erikjaen.tidylinksv2,db2e6f645e6ff4745558025f219b686a,17.1M,browser,Google
Firefox,org.mozilla.firefox,c54944ad6aed4495731dce8372e6136d,85.9M,browser,Google
Firefox Focus,org.mozilla.focus,a009d3ad7061fc62eb9b8d84564cad79,78.1M,browser,Google
Tor Browser,org.torproject.torbrowser,e551428cf8bf6ee8b8a43352162988f9,89.4M,browser,Google
新浪财经,cn.com.sina.finance,00e55c773143f00d5d381ef72eb72692,88.3M,news,Tencent
动静新闻,cn.gzmovement,cec6872e37c9a8ba7fbdb15f7e24a479,58.8M,news,Tencent
中青看点,cn.youth.news,e84a8493c7ba79fb919d17e2cd1355d3,57.7M,news,Tencent
全球学术快报,com.cnki.android.cnkimobile,3aca7147b96c28f00fa4a4ef468e397d,94.1M,news,Tencent
萝卜投研,com.datayes.irr,a9784ca243c40b4d9a4de6783aabd440,70.3M,news,Tencent
保密观,com.founder.jincheng,21d749cba6ef7ead342c18a3724af876,76.3M,news,Tencent
一点资讯,com.hipu.yidian,f50608de43f4bcb3696837410ec8d557,50.0M,news,Tencent
大象新闻,com.hnr.dxxw,c4313f1af183907783b403e206356181,154.7M,news,Tencent
虎扑,com.hupu.games,a69f559e03639bafc061f5ba7a79c264,63.8M,news,Tencent
Ifeng_News,com.ifeng.news2,4be736cc00734bae65d8c516f7e561f9,71.7M,news,Tencent
掘金宝,com.juejinchain.android,6e4e27268044278eb8480e73d0443667,68.1M,news,Tencent
新闻早知道,com.knew.feed,5889a714cfc7d2c64e20366a80116962,31.6M,news,Tencent
NetEase News,com.netease.newsreader.activity,f12961dc13b3c1af48bd142d9255d42d,55.0M,news,Tencent
南方Plus,com.nfdaily.nfplus,0bfce857fd4340f4bcebe4eab9f42649,28.4M,news,Tencent
人民日报,com.peopledailychina.activity,b9374166ec7373bb6fc14534189ae3e7,50.4M,news,Tencent
起点新闻,com.rmt.qidiannews,d8447b6f4c2fb561490745d326ada015,63.9M,news,Tencent
早闻天下事,com.smart.app.jijia.worldStory,e12fa8d40dd93d31eef97afb3cce1832,21.3M,news,Tencent
今日头条极速版,com.ss.android.article.lite,585286853b98edb6518d796862045101,39.6M,news,Tencent
Toutiao,com.ss.android.article.news,f969572ce626e9737841e22aac7f0041,61.9M,news,Tencent
一点新闻资讯,com.yidian.xiaomi,6c9266960bdb73110e5239ddaf0d71e5,50.1M,news,Tencent
大麦,cn.damai,5c114e98ebc959ea17a1468c61676ac6,57.8M,comprehensive services,Tencent
个人所得税,cn.gov.tax.its,b8ae5f1bbc9ec3cff90cd18900d61e0d,50.4M,comprehensive services,Tencent
天猫精灵,com.alibaba.ailabs.tg,8a26eb6d6e068e98cd4ab0a7b99528e8,125.2M,comprehensive services,Tencent
安居客,com.anjuke.android.app,3c048ec166d41748c0b82c4076669cc2,67.0M,comprehensive services,Tencent
菜鸟,com.cainiao.wireless,722e03183e10213e2edee690aac2b34d,59.0M,comprehensive services,Tencent
建行生活,com.ccb.longjiLife,e10dee282ae8a422cd8fa43364beb177,92.9M,comprehensive services,Tencent
中原找房,com.centaline.androidsalesblog,af943bcb2977c2c4c824e8e52197e788,80.6M,comprehensive services,Tencent
Mi Remote,com.duokan.phone.remotecontroller,cc6b835a1a710232c3ae054488dc9195,33.9M,comprehensive services,Tencent
赶集找工作,com.ganji.android,b41037d6f2166a6ff466a84087e46d3d,80.0M,comprehensive services,Tencent
国家反诈中心,com.hicorenational.antifraud,42fb5db22c4e27e550752210c70434b8,41.4M,comprehensive services,Tencent
亿点连接,com.jf.wifihelper,012e191f3cfb76b0b71f49da21e36153,41.1M,comprehensive services,Tencent
京东到家,com.jingdong.pdj,6ade198e6266128ec5f905bb7e9d50f9,61.8M,comprehensive services,Tencent
货拉拉,com.lalamove.huolala.client,eb2b90d5cc170e6735e24431dfde2409,46.0M,comprehensive services,Tencent
贝壳找房,com.lianjia.beike,fe1dc46053d2b6218e54910e4124c0d7,112.6M,comprehensive services,Tencent
美团极速版,com.meituan.turbo,af030b53f87ca6d83ecb5a0e0276480c,9.4M,comprehensive services,Tencent
美团优选,com.sankuai.youxuan,a941f0e4ec30eba27cb923052deb8a0a,19.4M,comprehensive services,Tencent
天眼查,com.tianyancha.skyeye,1fae4ff9c3381f7a0f878ca5f9ab3db0,40.7M,comprehensive services,Tencent
58本地,com.wuba.town.client,29137178c873361b2b9382a8c12fadc9,112.0M,comprehensive services,Tencent
58同城,com.wuba,207d91551a50e8f6a1d0ab5e18902081,108.1M,comprehensive services,Tencent
拼多多快递员版,com.xunmeng.deliver,c45fc9bd7d1aeb7d925d066fa5af9403,22.6M,comprehensive services,Tencent
新江苏,cn.com.jschina.news,3acf636e7ab2ed1b8480c9988aaa7770,130.9M,news,Huawei
中国军号,cn.mil.junhao,68f5060011697a96b4a4927e0d679aed,97.9M,news,Huawei
中青看点,cn.youth.news,5400d25f86e82b58c0ed456348641970,56.9M,news,Huawei
自贡观察,cn.zgm.zgmapp,38972d383479ae82e02c9d947f18ec46,63.7M,news,Huawei
北京时间,com.btime.bjtime,d942d5e01cc9778b01ffaeb9dbc6abd3,89.3M,news,Huawei
工人日报,com.grrb.news,0df8391277b9f6a39c6f4ff94b12486a,36.3M,news,Huawei
冀云,com.hbrb.jiyun,d465b9a887c1e3a0858d6f8618895265,179.7M,news,Huawei
大象新闻,com.hnr.dxxw,c4313f1af183907783b403e206356181,154.7M,news,Huawei
极光新闻,com.hoge.android.app.hljapp,25f1178062b4c0936d4ae97508b57675,92.3M,news,Huawei
中国蓝新闻,com.hoge.android.chinablue,ab3551e9fbf32d50e9d929e3bd294acb,77.8M,news,Huawei
南方周末,com.infzm.ireader,6fefb15275b1d04c9116b8e4f49db039,66.7M,news,Huawei
财联社,com.lanjinger.choiassociatedpress,63eb7a8c3b248c6bbd7f714f401c1e76,115.8M,news,Huawei
南方Plus,com.nfdaily.nfplus,d401a963262850a34722df5178561e88,28.4M,news,Huawei
人民日报,com.peopledailychina.activity,f52b72637662fa04e3356ed1e7ee2ad4,50.4M,news,Huawei
起点新闻,com.rmt.qidiannews,d8447b6f4c2fb561490745d326ada015,63.9M,news,Huawei
望潮,com.shangc.tiennews.taizhou,27d5134bd37b9840892c3f865979c9eb,56.5M,news,Huawei
今日永嘉,com.shixian.yongjia,0b0cc656bc617fe49591f5317520fc1a,56.9M,news,Huawei
China Daily,com.theotino.chinadaily,c11e805472a20b1742052b3952804ec7,14.7M,news,Huawei
澎湃新闻,com.wondertek.paper,ae43dd63c9eec1caa03f72f88448a0ca,62.3M,news,Huawei
央广网,news.cnr.cn,07c9116fcd38dcbdc1b7ed3234a3934f,54.1M,news,Huawei
大麦,cn.damai,44a8a395655048c3fb6140140a12fe60,57.8M,comprehensive services,Huawei
中国体育彩票,cn.gov.lottery,17ac6adfe669935bf541f60d73c8053d,149.3M,comprehensive services,Huawei
建行生活,com.ccb.longjiLife,585a5ac0698009f6f13153f958d63e68,141.3M,comprehensive services,Huawei
Days Matter,com.clover.daysmatter,3377047a01fd4e8dfa09effcbc24f377,30.5M,comprehensive services,Huawei
和家亲,com.cmri.universalapp,1e1a33c7654e92a8541f3e076a97e8a9,187.8M,comprehensive services,Huawei
幸福里,com.f100.android,183826b6fc042ce1dbf2b49a40c10a00,44.0M,comprehensive services,Huawei
爱山东,com.hanweb.android.sdzwfw.activity,85a9aea9ef2427ab64789a4dff7b0db5,131.0M,comprehensive services,Huawei
国家反诈中心,com.hicorenational.antifraud,d2373cb0635f0013d84634a65052421a,41.4M,comprehensive services,Huawei
HiLives,com.huawei.lives,29af2422ea53f04bd06429d059d7039a,11.5M,comprehensive services,Huawei
Ashion Weather,com.lu.ashionweather,98555fb62895eac179bdce6d3eed927c,61.2M,comprehensive services,Huawei
瑞奇天气,com.luck.weather,9ab11f829713080eacac54e33b2bca7b,72.3M,comprehensive services,Huawei
Meituan,com.sankuai.meituan,d0832b58c56601148fb1134f46e4e8b8,83.8M,comprehensive services,Huawei
美团外卖商家版,com.sankuai.meituan.meituanwaimaibusiness,a39aa9d1a977d348a274bf19594de1da,105.9M,comprehensive services,Huawei
顺丰同城急送,com.sfexpress.merchant,e0fcec2af726d2f7efd4941e9ab678e1,71.4M,comprehensive services,Huawei
手机公积金,com.shineyue.sjgjj,944f9b66def240c2b8f176e24e99658a,108.9M,comprehensive services,Huawei
住小帮,com.ss.android.homed,9b0a974fececf92fb1fc0c81e9691bc6,55.3M,comprehensive services,Huawei
万年历,com.youloft.calendar,b0822475e35f02f46b3ec68027afaddf,81.4M,comprehensive services,Huawei
小翼管家,com.yueme.itv,831f727ce2f469588451421e8086a6ea,299.2M,comprehensive services,Huawei
天府通,com.chinarainbow.tft,f1e7d34e02ee6f826c40b5ca1c9666c9,97.2M,comprehensive services,Huawei
网上国网,com.sgcc.wsgw.cn,d281773e95b894eaed1455040858d78e,176M,comprehensive services,Huawei
央视新闻,cn.cntvnews,71c370391694a46240fded0522d406a0,112.3M,news,Baidu
新浪财经,cn.com.sina.finance,418bfc6318603e105437eeb0a5eca67f,88.7M,news,Baidu
新浪体育,cn.com.sina.sports,802ca2cb937d0955dc22ab6843e177bf,54.4M,news,Baidu
Agoda,com.agoda.mobile.consumer,e21d606012fbdb92e5c9ec60c32b923e,203.9M,news,Baidu
松果倾诉,com.app.pinealgland,5328ffd0a764dc91aaa7fb9917c152cc,88.8M,news,Baidu
百度新闻,com.baidu.news,f79994456effc118682b89026014d2b8,26.4M,news,Baidu
球探体育比分,com.bet007.mobile.score,5257aa3899ecdb3764bbf254ae37aca4,46.1M,news,Baidu
中国移动北京,com.bmcc.ms.ui,7a731e02d96e8ae84aea0d6e140874eb,257.3M,news,Baidu
畅说108,com.changshuo.ui,620fd22cc8ed2657ff1d3826124d67fa,71.4M,news,Baidu
智远一户通,com.cmschina.stock,699efccbf27893e033dcfbb2abe07a9e,18.2M,news,Baidu
汽车之家,com.cubic.autohome,d3982e2868952360781b5091694acec6,95.7M,news,Baidu
天天基金,com.eastmoney.android.fund,9106aaef20611a38d712040395db5586,39.3M,news,Baidu
游民星空,com.gamersky,78c827c8dff6823f6f5c205b66f46da8,53.5M,news,Baidu
一点资讯,com.hipu.yidian,87336cf6848d2be65b6c015a5528a465,50.0M,news,Baidu
虎扑,com.hupu.games,2bb1ae846dd0dd527612277530b09880,62.5M,news,Baidu
界面新闻,com.jiemian.news,2396c587d259d5ffae6c04f7b1c12ef1,65.9M,news,Baidu
得到,com.luojilab.player,ff481938ad62decc38c79c06c30b6da4,109.7M,news,Baidu
ZAKER新闻,com.myzaker.ZAKER_Phone,a5e3ffcb4f77961b38b437ed51f3b1cb,29.7M,news,Baidu
腾讯自选股,com.tencent.portfolio,ae005cde8c170e613cc8345629e1b254,118.9M,news,Baidu
中信证券,com.zxscnew,22d10ca3c5dd378c23d8fff0c22c064b,109.4M,news,Baidu
车轮,cn.eclicks.wzsearch,647e6658d9a93d3ec6c57c44786b2380,77.5M,comprehensive services,Baidu
途虎养车,cn.TuHu.android,f829d27c9f1334a20cf264c3c9f0859d,109.4M,comprehensive services,Baidu
Airbnb,com.airbnb.android,37fcd2d57d79de42b9ab63a7f645b617,74.0M,comprehensive services,Baidu
豆果美食,com.douguo.recipe,7f4d69e658a18c72fc237a9d60b2116c,53.8M,comprehensive services,Baidu
堆糖,com.duitang.main,824db86497519d42f2d0b1bd4a46bda0,73.0M,comprehensive services,Baidu
掌厨,com.gold.palm.kitchen,36d0f547e1341c0c1d122ab815e20529,28.2M,comprehensive services,Baidu
乐有家,com.jjs.android.butler,15835d083b0a168b8c0dc45e8f2b2cc8,93.1M,comprehensive services,Baidu
蚂蚁短租,com.mayi.android.shortrent,0fbf35c3a46803985dd9eb36d0acab99,68.9M,comprehensive services,Baidu
百姓网,com.quanleimu.activity,2b427cc7a783d5bfe561a3925133b8c6,36.4M,comprehensive services,Baidu
中国国航,com.rytong.airchina,40adb62a3927bf4aef05df2df322aa05,126.7M,comprehensive services,Baidu
房天下,com.soufun.app,f4bb153d8de00c86c1c8488989243f04,103.3M,comprehensive services,Baidu
脉脉,com.taou.maimai,e129128db1a0517cced9c0a6dd36874f,62.0M,comprehensive services,Baidu
卡车之家,com.truckhome.bbs,c959ba629c67a0fda0c4897f7adf8e8b,65.2M,comprehensive services,Baidu
途家民宿,com.tujia.hotel,c01c726edab08af634d9d14db1c22ceb,94.8M,comprehensive services,Baidu
车行易查违章,com.violationquery,eb5c1553b03ec85fe657cf9df50ea21d,81.6M,comprehensive services,Baidu
下厨房,com.xiachufang,788d3d4a2434527739ba1231e6c40aa6,61.4M,comprehensive services,Baidu
小猪民宿,com.xiaozhu.xzdz,cf6ad37b8c0097552f9ca18b5336487d,73.2M,comprehensive services,Baidu
运满满司机,com.xiwei.logistics,4cfeac0eef0ac9e9681eee6695ed8a35,163.7M,comprehensive services,Baidu
每天赚点,com.yongloveru.hjw,bd6839e5880c8b7745099a656277bcc5,57.6M,comprehensive services,Baidu
e养车,com.zhuofu,adaa764151bfdfc17f7fc913b6063279,58.3M,comprehensive services,Baidu
小说大全,com.aikan,52e1fc6e3c9ce00ddcd9b287f77c084f,19.6M,news,360
惠头条,com.cashtoutiao,14915422f537805b1e8df48d9399f498,63.8M,news,360
漫画台,com.comic.manhuatai,67a836ba94375f7b831ba2452223b575,85.1M,news,360
和讯财经,com.hexun.news,a1d7f46adf95c7a416946834e3ef8614,57.2M,news,360
一点资讯,com.hipu.yidian,f6dd16f8215c596304c7ea4a4c349da0,50.0M,news,360
Ifeng_News,com.ifeng.news2,61e51bf472bd947b870dad4d4bef984d,71.7M,news,360
快看,com.kuaikan.comic,9f75de86a61d7201f5e6a32ca0874fed,72.0M,news,360
米读小说,com.lechuan.midunovel,2d01b9c3eb2c8942aaf406ea3f6c8f76,29.9M,news,360
触漫,com.mallestudio.gugu.app,56caa7f359af086105f4a409128b6218,76.9M,news,360
NetEase News,com.netease.newsreader.activity,bda9294ca2ebe8319d8e08cbd4acc554,61.4M,news,360
PP体育,com.pplive.androidphone.sport,56033778d6acdaaf29ae711011a22d09,142.3M,news,360
爱奇艺小说,com.qiyi.video.reader,5801e620e8a5595bdd9be5fe8f66ee5c,74.4M,news,360
腾讯动漫,com.qq.ac.android,4625b83ad4702965d4e8f3eeaa91d9b2,73.8M,news,360
搜狗免费小说,com.sogou.reader.free,44d84197acb8cde123e9b9817c0ac99e,45.2M,news,360
Toutiao,com.ss.android.article.news,d279520229152789528a6d6c102e98a2,62.0M,news,360
懂车帝,com.ss.android.auto,b39619e3d2a7faa72bf7ba53e1a4cdbd,81.1M,news,360
腾讯体育,com.tencent.qqsports,406452a7d0793912642ad6a7583a66ca,218.7M,news,360
miniapp,com.tencent.reading,efb7b0ea0a0d971b5ce1773553d67de5,39.4M,news,360
看漫,com.wbxm.icartoon,c43a16dd95819910d5d2fa5a4893db38,91.3M,news,360
微博动漫,com.weibo.comic,13574910c1afc3deb72c13cb13f139eb,41.6M,news,360
Q房网,com.android.qfangpalm,61b9a83b4a5c094a06eb8abfc95c8de4,70.5M,comprehensive services,360
安居客,com.anjuke.android.app,56754bf8797d0967668afd8885a25f55,67.0M,comprehensive services,360
菜鸟,com.cainiao.wireless,ac66984e0e95f7a505c1de9b31fec0c7,59.0M,comprehensive services,360
中国人保,com.cloudpower.netsale.activity,bdc6e8217b02c90227bb74cc762540b1,125.1M,comprehensive services,360
汽车之家,com.cubic.autohome,8bdb5a5c6922d3a3979010ac7247be8c,95.7M,comprehensive services,360
Dianping,com.dianping.v1,05844116751e350d3418062fb091c0b8,82.8M,comprehensive services,360
支付宝,com.eg.android.AlipayGphone,4591efe22fd97f789c704d3cd914e4db,115.6M,comprehensive services,360
中国移动,com.greenpoint.android.mc10086.activity,049fbf037055d66b9d2ea3cd82c685ed,211.6M,comprehensive services,360
链家,com.homelink.android,1955f6a79c919c9b6250dd3298946dce,133.7M,comprehensive services,360
BOSS直聘,com.hpbr.bosszhipin,29e786f8875f71a3ee871d9d31897d93,123.9M,comprehensive services,360
货拉拉,com.lalamove.huolala.client,e64ae52a71603a0b6f501b92d46dc0dc,66.3M,comprehensive services,360
贝壳找房,com.lianjia.beike,643e2294509acc0fa2204c303c4117b0,125.3M,comprehensive services,360
美团外卖,com.sankuai.meituan.takeoutnew,a2374af6a0ca91bca11356dfb11a79df,73.4M,comprehensive services,360
口碑,com.taobao.mobile.dipei,15a64877da0fe24f862b99db15e89c01,49.7M,comprehensive services,360
交管12123,com.tmri.app.main,aa2c28a1626052870bded62e839a1b92,86.9M,comprehensive services,360
58同城,com.wuba,6ad975c9fa8934a67e33aee1cb6da2d8,108.1M,comprehensive services,360
易车,com.yiche.autoeasy,bc715d1acb152981ac74cc2440fa22f3,56.1M,comprehensive services,360
易车汽车报价,com.yiche.price,57b5866760ffd5ed074bbe9aed31c912,55.2M,comprehensive services,360
智联招聘,com.zhaopin.social,4c02ac4b785ffc43947477cd90244e53,115.6M,comprehensive services,360
ele.me,me.ele,262cc3f6fd6697b9dd46903500b3d978,61.3M,comprehensive services,360
半岛新闻,com.bandaorongmeiti.news,2a701c072d0a79104f15140bce707168,83.3M,news,Wandoujia
黄河云,com.baotounews.api.m,bace2da68c1d522c36c9c001f6595f7f,71.6M,news,Wandoujia
上海证券报,com.cnstock.newsapp,962544a204b912b09861b0cbc6b2299d,8.8M,news,Wandoujia
翱翔,com.eastday.listen_news,a5932af601f3a8b5e3a1da7e2296ef8b,57.4M,news,Wandoujia
枣庄日报,com.founder.zzrb,424e9bb7fce3f37884e64827c30d9dec,65.5M,news,Wandoujia
吴川融媒,com.gcable.wangjie.gm26c9bc30db6de9f15a13d7b855008a18,1d5027dc8f32576d5e425eda46aeb7ae,58.3M,news,Wandoujia
新黄河,com.giiso.jinantimes,65862274d18f3ddbc8d050607bf24243,52.5M,news,Wandoujia
陵水融媒,com.hinews.ventures.lsrmvvcjfm,7ae077578a15d25c973f2bae9f86e318,20.2M,news,Wandoujia
南方都市报,com.nandu,7e70aa408a2d2c3699acd81a4bf3bc46,32.0M,news,Wandoujia
奔格内琼中,com.tenma.ventures.ssqzeoaxxv,78047a2bbd39962b5ae494732baa320e,21.7M,news,Wandoujia
惠来事,com.touchtv.huilai,64d52a51c35e4347874bcd1a3d843bc1,61.0M,news,Wandoujia
惠阳发布,com.touchtv.huiyang,4a988217ce31fb3f274f086bd0c9ef4d,47.9M,news,Wandoujia
看开平,com.touchtv.kaiping,92331d93e864fa1e2a5ef6159281b125,58.0M,news,Wandoujia
名城雷州,com.touchtv.leizhou,913e8bd0a7f2a2551af750a94b093537,59.1M,news,Wandoujia
活力坡头,com.touchtv.potou,3659b43126e5e68f78ed0e252090a9b2,47.9M,news,Wandoujia
山海阳西,com.touchtv.yangxi,06470d1c579186f0eff66fc46db1c381,58.1M,news,Wandoujia
星肇庆,com.touchtv.zhaoqing,621cc3f74839d470316ddb8074271c1b,58.1M,news,Wandoujia
幸福万盛,com.xhl.wansheng,f13ef039edcbf916db6df4ddd2d02aff,60.4M,news,Wandoujia
渝北掌媒,com.xhl.yubei,6251273a67be22c6ec0bf59a9f01befe,50.8M,news,Wandoujia
羊城派,com.ycwb.android.ycpai,3c5ae043eb3a45fca66b67f7cdeef5cc,123.6M,news,Wandoujia
Kohler Konnect,cn.com.kohlerkonnect,706472dd530b685717576d06a63dbbfb,48.8M,comprehensive services,Wandoujia
无忧找房,cn.yunjj.app.customer,8df28bffa6c039dbcaeeb190708eedc5,56.3M,comprehensive services,Wandoujia
Airbnb,com.airbnb.android,8f101ea7272d55289ceaf9f8825ea517,74.0M,comprehensive services,Wandoujia
郴房网,com.cfw07358,49a4b15b517fd37ebd260d59f41e1784,51.5M,comprehensive services,Wandoujia
天气,com.doudoubird.weather,303c41b2db933faffc8db12e988df304,33.9M,comprehensive services,Wandoujia
看房日记,com.fanggeek.agent,c2da2c3117fb507b52c57c879d3af8e7,117.4M,comprehensive services,Wandoujia
厨艺达人,com.gengyun.culinaryTalent,7a625f759586af618e03801cddc81c25,45.8M,comprehensive services,Wandoujia
在行一点,com.guokr.fanta,290c471f0220ae91fe642e086fdc18b6,29.2M,comprehensive services,Wandoujia
游戏阁,com.haizhisheng.youxige,0507de5224db8091657bfaadfd1cb86b,3.4M,comprehensive services,Wandoujia
MOMO陌陌,com.immomo.momo,b4b7bc00cff20d23b0035a7597be0941,107.5M,comprehensive services,Wandoujia
康云优家,com.kbridge.communityowners,6db4f86cd6eb09c493f9f666999c6df4,58.6M,comprehensive services,Wandoujia
酷狗铃声,com.kugou.android.ringtone,8319a17b09d740b76bff47c144c8c2c5,72.9M,comprehensive services,Wandoujia
恋爱话语,com.lq.lahy,96314616db9977fab6770b558765f27c,22.0M,comprehensive services,Wandoujia
BeautyCam,com.meitu.meiyancamera,1becb25a9dc425d0abdb7a138c010635,149.9M,comprehensive services,Wandoujia
神居秒算,com.neox.app.Sushi,c0d35ac183b230bff1f828b3c6564cae,55.6M,comprehensive services,Wandoujia
早游戏,com.qijin189.huosuapp,a8177df5af8d9b3b9612253aa24da4b9,39.5M,comprehensive services,Wandoujia
经纪云,com.soufun,49331aa5654604bc7ee4e512ffefdd06,134.8M,comprehensive services,Wandoujia
星座运势日历,com.szjyhl.tarot,057d7351ab116fb2d7b475b49ba8a3ec,33.6M,comprehensive services,Wandoujia
天气通,sina.mobile.tianqitong,8b46cbfea2a6df1230a9289de5b07c6e,66.8M,comprehensive services,Wandoujia
跳起来,uni.tiaogaojq.tql,12c638ba2873fa79d1ee92e943bd1632,15.9M,comprehensive services,Wandoujia
直播吧,android.zhibo8,9fda0c1359d8563e46214d3f00f095e4,106.3M,news,Xiaomi
中国体育彩票,cn.gov.lottery,eb1d338ad573a96431e2d52557378b64,150.4M,news,Xiaomi
中青看点,cn.youth.news,3f0de16ff57077347f914994d2d0b110,57.0M,news,Xiaomi
汽车之家,com.cubic.autohome,6ec93825fb5e819d114e400614970e6f,86.6M,news,Xiaomi
懂球帝,com.dongqiudi.news,f0bcc830400d67b2088a959a81eaef52,138.3M,news,Xiaomi
Ifeng_News,com.ifeng.news2,78564ea344b5eabedd73da6f72e0770f,71.7M,news,Xiaomi
趣头条,com.jifen.qukan,8741c34f3467c0e2fc6fc78e019f66d9,49.3M,news,Xiaomi
NetEase News,com.netease.newsreader.activity,3c4023a93470ec50c571d8b4bbc1fc0a,65.5M,news,Xiaomi
赣南红,com.pdmi.gannanhong.media,db360831e22f17bb904b2fdc2c70d5e2,140.6M,news,Xiaomi
到黄埔去,com.pdmi.huangpu.media,66c2560a7955d53befa30c27116bf71c,69.7M,news,Xiaomi
人民日报,com.peopledailychina.activity,0c811d395fada576e0576b39d13e0670,50.4M,news,Xiaomi
新浪新闻,com.sina.news,e2d17270a0a27e31a6a879098d121cf3,90.7M,news,Xiaomi
Weibo,com.sina.weibo,c4ddbd59a359172b85514194daaef36f,151.9M,news,Xiaomi
搜狐新闻,com.sohu.newsclient,a93047abfdabefadeb15a9b7e672afb1,50.7M,news,Xiaomi
今日头条极速版,com.ss.android.article.lite,3c519afa6ca52e286b10ea49daa808dd,39.6M,news,Xiaomi
Toutiao,com.ss.android.article.news,d462ee584db39f75c912019304927f16,62.0M,news,Xiaomi
懂车帝,com.ss.android.auto,75329259b18e390cdd930909ed2dd6bf,81.1M,news,Xiaomi
腾讯新闻,com.tencent.news,8d4fcd7fac6d02badfbf21698022a9d2,52.5M,news,Xiaomi
易车,com.yiche.autoeasy,dfa5ba6aef805d49bc9346213f90331e,56.1M,news,Xiaomi
易车汽车报价,com.yiche.price,df583128d85cde411c6adace64230eb3,55.2M,news,Xiaomi
安居客,com.anjuke.android.app,94f818d70697983b0b64721a9fc34f86,68.2M,comprehensive services,Xiaomi
fastservice,com.bdkj.fastdoor,50f0b506cddc1a34a11e887835e231b4,39.4M,comprehensive services,Xiaomi
贝壳租房,com.beike.rentplat,217e25e6c56a3900863e33c82c6aab71,62.8M,comprehensive services,Xiaomi
Dianping,com.dianping.v1,790aeea3681481fa2d28fce7259718c9,82.6M,comprehensive services,Xiaomi
链家,com.homelink.android,5fa0d16c11e36b6a00c5cfdc9d6c1202,128.9M,comprehensive services,Xiaomi
票牛,com.ipiaoniu.android,48eefd0c297d85d5187fd30f8c204da7,40.1M,comprehensive services,Xiaomi
贝壳找房,com.lianjia.beike,335980290c82adbe06da63f10c08b10c,112.6M,comprehensive services,Xiaomi
瑞幸咖啡,com.lucky.luckyclient,f7886055e83ad9b3eedcb2af4ec3ab17,41.6M,comprehensive services,Xiaomi
McDonald's,com.mcdonalds.gma.cn,62e36be58437e8a3f0efa7ae562f2526,64.0M,comprehensive services,Xiaomi
墨迹天气,com.moji.mjweather,3937fb4fea14bf0700631a58d08fefe7,86.4M,comprehensive services,Xiaomi
Meituan,com.sankuai.meituan,8e8b991a72fff0e63ac2afcce046777b,83.8M,comprehensive services,Xiaomi
UU跑腿,com.slkj.paotui.customer,8f46c5eddbb2e49b12ba8443202912f9,92.3M,comprehensive services,Xiaomi
住小帮,com.ss.android.homed,68a86bef2220b10adeca211d8c3f69fe,55.3M,comprehensive services,Xiaomi
我爱我家,com.wawj.app.t,75328cdd9b0003b5f13cafbcfee0db70,68.1M,comprehensive services,Xiaomi
58同城,com.wuba,8ba6a3f496dce9c4adce26a648ff328c,108.2M,comprehensive services,Xiaomi
下厨房,com.xiachufang,3ea7f9e07cf7ab066668fa97d150dd82,61.4M,comprehensive services,Xiaomi
叮咚买菜,com.yaya.zone,b730f149e8bd1820a7975ea0926be194,67.1M,comprehensive services,Xiaomi
肯德基,com.yek.android.kfc.activitys,199b9131b5344be9759d9ab5c7b44731,55.7M,comprehensive services,Xiaomi
自如,com.ziroom.ziroomcustomer,3dbda7eaf268f226b4b8a9624a915fd1,142.7M,comprehensive services,Xiaomi
ele.me,me.ele,c1ec3d00ca38b7d82b2ca1a0c2b99630,58.8M,comprehensive services,Xiaomi
BBC News,bbc.mobile.news.ww,ab2823a95681c084ec3a973ce5239bd1,35.0M,news,Google
CBC News,ca.cbc.mobile.android.cbcnewsandroidwebview,82048bad03ec5239c78f2f5ca9f8d8f7,22.7M,news,Google
ABC News,com.abc.abcnews,483fb478df4264022cae84b330f6345b,27.2M,news,Google
Al Jazeera,com.aljazeera.mobile,e39e89316b91bde2a19e721a57538218,64.3M,news,Google
CNN,com.cnn.mobile.android.phone,e01c47810844661dc27881a825fc11f7,92.1M,news,Google
Economist,com.economist.lamarr,173854fbd2287abf894191ad4826786f,108.1M,news,Google
Báo M?i,com.epi,6cbb40cd227de5c0193ad0f6d449a016,24.5M,news,Google
Dailyhunt,com.eterno,7014b82d8e2c7b5a543c9ce34de2aa0d,21.5M,news,Google
Fox News,com.foxnews.android,a95af82e1463101601edc5ca229c6b3e,32.1M,news,Google
凤凰新闻海外版,com.ifeng.news2gp2,2c0bb0298bd9c44b6417b080d07f2332,111.4M,news,Google
CGTN,com.imib.cctv,47f245072ef20e8b76e00d4bf5c70438,41.1M,news,Google
~sr,com.nytimes.cn,2f204994f0dead3ea19371eea965482a,92.5M,news,Google
China Daily,com.theotino.chinadaily,6054ffaadbfeb9cdc99d05ccf8a0c3a4,11.2M,news,Google
TOI,com.toi.reader.activities,47cf382c3f6dc41220eff63516b3f2ae,24.1M,news,Google
联合早报,com.zb.sph.zaobaochina,e96d5c7aa3041bb32af3a307a12a3d74,78.2M,news,Google
NBC NEWS,com.zumobi.msnbc,d798ec5e8dffac7a077ca2a6de440843,52.5M,news,Google
RFA,gov.bbg.rfa,a666f12772615eff7a6531a691cb7c0c,3.4M,news,Google
VOA,gov.bbg.voa,94c4ae833ab6f670d7f81ecbacb7493f,72.8M,news,Google
Breaking News,ma.safe.bn,a497165b9254b3942e2934c40b6260c7,24.8M,news,Google
AP News,mnn.Android,d9d93375a6a4e6fea39094ed45c4f9ec,19.7M,news,Google
智生活,chk.kingnet.app,6809379acb2369c7e86dc38bb2473461,74.1M,comprehensive services,Google
Airbnb,com.airbnb.android,437c4136337cd47640775722db0e3746,154.3M,comprehensive services,Google
大众广告平台,com.benben.banama,7191c4ee21bda487e7ca1d970d5935a8,17.7M,comprehensive services,Google
拜托拜托,com.bintiger.mall.android,d710b5fe873eccad513742f5f7c90e5a,95.2M,comprehensive services,Google
??,com.dbs.kurly.m2,56736b943b0dc93a678e62b40ec4f820,18.9M,comprehensive services,Google
支付宝,com.eg.android.AlipayGphone,19dd1cffb3c7472161bdf1f4067d452c,97.0M,comprehensive services,Google
NT Easy Life,com.eservicev2,97d59ebd076eb1bd145accd5800de520,56.1M,comprehensive services,Google
饭团点评,com.fantuan.dianping,d711292392e8f524d436703d19818f34,186.0M,comprehensive services,Google
h餍纳活,com.fetself,ba7be1678358034174c026c341ed57d6,59.5M,comprehensive services,Google
Steer,com.foodhwy.foodhwy,d821ed1c1d3a2cb0e2ec5fd149a981db,151.3M,comprehensive services,Google
foodpanda ,com.global.foodpanda.android,f02c19056d64533d715ba709dadfb81c,78.8M,comprehensive services,Google
Gojek,com.gojek.app,fad4f9c92c3c097b9a547c07bd321df9,100.9M,comprehensive services,Google
Digital Wellbeing,com.google.android.apps.wellbeing,e98c2c5dd5fe5dba7329c5256a37ecdc,19.6M,comprehensive services,Google
My lifecell,com.life.my,977499976e293809770902dba6c29dd6,32.7M,comprehensive services,Google
Smart Life,com.tuya.smartlife,27862f42088163ff76e6819450da54e0,116.5M,comprehensive services,Google
手机亿忆,com.yeeyi.yeeyiandroidapp,feb5b267d76b3af0af5a818af12a15d6,62.5M,comprehensive services,Google
携程旅行,ctrip.android.view,680e949c6c875b122114932c8b88fa0d,83.1M,comprehensive services,Google
Weather&Radar,de.wetteronline.wetterapp,70b8b8ecd1c3fcaecbde2496dbaf5564,30.9M,comprehensive services,Google
COCORO Life,my.cocorolife.app,00fab069b22447ec5ea9a77d7885bd6c,14.4M,comprehensive services,Google
Yandex Go,ru.yandex.taxi,72cd35c69e0a5d2bfe4f353f0aa9c78a,98.0M,comprehensive services,Google
